2025-12-03 23:45:14 INFO   - 

-------------------------------------------------------------------------------------
     _______. _______ .______       _______ .__   __.  __  .___________.____    ____ 
    /       ||   ____||   _  \     |   ____||  \ |  | |  | |           |\   \  /   / 
   |   (----`|  |__   |  |_)  |    |  |__   |   \|  | |  | `---|  |----` \   \/   /  
    \   \    |   __|  |      /     |   __|  |  . `  | |  |     |  |       \_    _/   
.----)   |   |  |____ |  |\  \----.|  |____ |  |\   | |  |     |  |         |  |     
|_______/    |_______|| _| `._____||_______||__| \__| |__|     |__|         |__|    
                                                                                     
 News and tutorials at https://serenity-bdd.info                                     
 Documentation at https://serenity-bdd.github.io                                     
 Test Automation Training and Coaching: https://www.serenity-dojo.com                
 Commercial Support: https://www.serenity-dojo.com/serenity-bdd-enterprise-support   
 Join the Serenity Community on Gitter: https://gitter.im/serenity-bdd/serenity-core 
-------------------------------------------------------------------------------------

2025-12-03 23:45:14 INFO   - Test Suite Started: Login
2025-12-03 23:45:14 INFO   - Test Suite Started: Login
2025-12-03 23:45:14 INFO   - 
  _____   ___   ___   _____     ___   _____     _     ___   _____   ___   ___  
 |_   _| | __| / __| |_   _|   / __| |_   _|   /_\   | _ \ |_   _| | __| |   \ 
   | |   | _|  \__ \   | |     \__ \   | |    / _ \  |   /   | |   | _|  | |) |
   |_|   |___| |___/   |_|     |___/   |_|   /_/ \_\ |_|_\   |_|   |___| |___/ 

Login - user login success(login;login---user-login-success)
--------------------------------------------------------------------------------
2025-12-03 23:45:20 ERROR com.customized.serenity.commons.actions.ClickActions - ERROR: '"@loginPage.btnLogin"' - DETAILS: Expected enabled element was not enabled
net.thucydides.core.webdriver.exceptions.ElementShouldBeEnabledException: Expected enabled element was not enabled
	at net.serenitybdd.core.pages.WebElementFacadeImpl.waitUntilClickable(WebElementFacadeImpl.java:1151) ~[serenity-core-4.2.16.jar:?]
	at com.customized.serenity.commons.actions.ClickActions.clickToElement(ClickActions.java:19) ~[test-classes/:?]
	at com.customized.serenity.commons.StepActions.clickToElement(StepActions.java:20) ~[test-classes/:?]
	at com.customized.serenity.commons.StepActions$ByteBuddy$bc4e8pws.clickToElement$accessor$55eZqZYS(Unknown Source) ~[test-classes/:?]
	at jdk.internal.reflect.NativeMethodAccessorImpl.invoke0(Native Method) ~[?:?]
	at jdk.internal.reflect.NativeMethodAccessorImpl.invoke(NativeMethodAccessorImpl.java:77) ~[?:?]
	at jdk.internal.reflect.DelegatingMethodAccessorImpl.invoke(DelegatingMethodAccessorImpl.java:43) ~[?:?]
	at java.lang.reflect.Method.invoke(Method.java:568) ~[?:?]
	at net.thucydides.core.steps.StepInterceptor.invokeMethod(StepInterceptor.java:524) ~[serenity-core-4.2.16.jar:?]
	at net.thucydides.core.steps.StepInterceptor.executeTestStepMethod(StepInterceptor.java:504) ~[serenity-core-4.2.16.jar:?]
	at net.thucydides.core.steps.StepInterceptor.runTestStep(StepInterceptor.java:476) ~[serenity-core-4.2.16.jar:?]
	at net.thucydides.core.steps.StepInterceptor.runOrSkipMethod(StepInterceptor.java:218) ~[serenity-core-4.2.16.jar:?]
	at net.thucydides.core.steps.StepInterceptor.testStepResult(StepInterceptor.java:205) ~[serenity-core-4.2.16.jar:?]
	at net.thucydides.core.steps.StepInterceptor.intercept(StepInterceptor.java:93) ~[serenity-core-4.2.16.jar:?]
	at net.thucydides.core.steps.ProxyConfiguration$InterceptorDispatcher.intercept(ProxyConfiguration.java:51) ~[serenity-core-4.2.16.jar:?]
	at com.customized.serenity.commons.StepActions$ByteBuddy$bc4e8pws.clickToElement(Unknown Source) ~[test-classes/:?]
	at com.customized.serenity.commons.StepDefinitions.clickToElement(StepDefinitions.java:14) ~[test-classes/:?]
	at jdk.internal.reflect.NativeMethodAccessorImpl.invoke0(Native Method) ~[?:?]
	at jdk.internal.reflect.NativeMethodAccessorImpl.invoke(NativeMethodAccessorImpl.java:77) ~[?:?]
	at jdk.internal.reflect.DelegatingMethodAccessorImpl.invoke(DelegatingMethodAccessorImpl.java:43) ~[?:?]
	at java.lang.reflect.Method.invoke(Method.java:568) ~[?:?]
	at io.cucumber.java.Invoker.doInvoke(Invoker.java:66) ~[cucumber-java-7.21.1.jar:7.21.1]
	at io.cucumber.java.Invoker.invoke(Invoker.java:24) ~[cucumber-java-7.21.1.jar:7.21.1]
	at io.cucumber.java.AbstractGlueDefinition.invokeMethod(AbstractGlueDefinition.java:47) ~[cucumber-java-7.21.1.jar:7.21.1]
	at io.cucumber.java.JavaStepDefinition.execute(JavaStepDefinition.java:29) ~[cucumber-java-7.21.1.jar:7.21.1]
	at io.cucumber.core.runner.CoreStepDefinition.execute(CoreStepDefinition.java:66) ~[cucumber-core-7.21.1.jar:7.21.1]
	at io.cucumber.core.runner.PickleStepDefinitionMatch.runStep(PickleStepDefinitionMatch.java:62) ~[cucumber-core-7.21.1.jar:7.21.1]
	at io.cucumber.core.runner.ExecutionMode$1.execute(ExecutionMode.java:10) ~[cucumber-core-7.21.1.jar:7.21.1]
	at io.cucumber.core.runner.TestStep.executeStep(TestStep.java:81) ~[cucumber-core-7.21.1.jar:7.21.1]
	at io.cucumber.core.runner.TestStep.run(TestStep.java:53) ~[cucumber-core-7.21.1.jar:7.21.1]
	at io.cucumber.core.runner.PickleStepTestStep.run(PickleStepTestStep.java:51) ~[cucumber-core-7.21.1.jar:7.21.1]
	at io.cucumber.core.runner.TestCase.run(TestCase.java:84) ~[cucumber-core-7.21.1.jar:7.21.1]
	at io.cucumber.core.runner.Runner.runPickle(Runner.java:75) ~[cucumber-core-7.21.1.jar:7.21.1]
	at io.cucumber.junit.PickleRunners$NoStepDescriptions.lambda$run$0(PickleRunners.java:151) ~[cucumber-junit-7.21.1.jar:?]
	at io.cucumber.core.runtime.CucumberExecutionContext.lambda$runTestCase$5(CucumberExecutionContext.java:136) ~[cucumber-core-7.21.1.jar:7.21.1]
	at io.cucumber.core.runtime.RethrowingThrowableCollector.executeAndThrow(RethrowingThrowableCollector.java:23) [cucumber-core-7.21.1.jar:7.21.1]
	at io.cucumber.core.runtime.CucumberExecutionContext.runTestCase(CucumberExecutionContext.java:136) [cucumber-core-7.21.1.jar:7.21.1]
	at io.cucumber.junit.PickleRunners$NoStepDescriptions.run(PickleRunners.java:148) [cucumber-junit-7.21.1.jar:?]
	at io.cucumber.junit.FeatureRunner.runChild(FeatureRunner.java:144) [cucumber-junit-7.21.1.jar:?]
	at io.cucumber.junit.FeatureRunner.runChild(FeatureRunner.java:28) [cucumber-junit-7.21.1.jar:?]
	at org.junit.runners.ParentRunner$4.run(ParentRunner.java:331) [junit-4.13.2.jar:4.13.2]
	at org.junit.runners.ParentRunner$1.schedule(ParentRunner.java:79) [junit-4.13.2.jar:4.13.2]
	at org.junit.runners.ParentRunner.runChildren(ParentRunner.java:329) [junit-4.13.2.jar:4.13.2]
	at org.junit.runners.ParentRunner.access$100(ParentRunner.java:66) [junit-4.13.2.jar:4.13.2]
	at org.junit.runners.ParentRunner$2.evaluate(ParentRunner.java:293) [junit-4.13.2.jar:4.13.2]
	at org.junit.runners.ParentRunner$3.evaluate(ParentRunner.java:306) [junit-4.13.2.jar:4.13.2]
	at org.junit.runners.ParentRunner.run(ParentRunner.java:413) [junit-4.13.2.jar:4.13.2]
	at io.cucumber.junit.FeatureRunner.run(FeatureRunner.java:137) [cucumber-junit-7.21.1.jar:?]
	at io.cucumber.junit.CucumberSerenityBaseRunner.runChild(CucumberSerenityBaseRunner.java:332) [serenity-cucumber-4.2.16.jar:?]
	at io.cucumber.junit.CucumberSerenityBaseRunner.runChild(CucumberSerenityBaseRunner.java:53) [serenity-cucumber-4.2.16.jar:?]
	at org.junit.runners.ParentRunner$4.run(ParentRunner.java:331) [junit-4.13.2.jar:4.13.2]
	at org.junit.runners.ParentRunner$1.schedule(ParentRunner.java:79) [junit-4.13.2.jar:4.13.2]
	at org.junit.runners.ParentRunner.runChildren(ParentRunner.java:329) [junit-4.13.2.jar:4.13.2]
	at org.junit.runners.ParentRunner.access$100(ParentRunner.java:66) [junit-4.13.2.jar:4.13.2]
	at org.junit.runners.ParentRunner$2.evaluate(ParentRunner.java:293) [junit-4.13.2.jar:4.13.2]
	at io.cucumber.junit.CucumberSerenityBaseRunner$RunCucumber.evaluate(CucumberSerenityBaseRunner.java:363) [serenity-cucumber-4.2.16.jar:?]
	at org.junit.runners.ParentRunner$3.evaluate(ParentRunner.java:306) [junit-4.13.2.jar:4.13.2]
	at org.junit.runners.ParentRunner.run(ParentRunner.java:413) [junit-4.13.2.jar:4.13.2]
	at org.apache.maven.surefire.junit4.JUnit4Provider.execute(JUnit4Provider.java:364) [surefire-junit4-3.0.0-M5.jar:3.0.0-M5]
	at org.apache.maven.surefire.junit4.JUnit4Provider.executeWithRerun(JUnit4Provider.java:272) [surefire-junit4-3.0.0-M5.jar:3.0.0-M5]
	at org.apache.maven.surefire.junit4.JUnit4Provider.executeTestSet(JUnit4Provider.java:237) [surefire-junit4-3.0.0-M5.jar:3.0.0-M5]
	at org.apache.maven.surefire.junit4.JUnit4Provider.invoke(JUnit4Provider.java:158) [surefire-junit4-3.0.0-M5.jar:3.0.0-M5]
	at org.apache.maven.surefire.booter.ForkedBooter.runSuitesInProcess(ForkedBooter.java:428) [surefire-booter-3.0.0-M5.jar:3.0.0-M5]
	at org.apache.maven.surefire.booter.ForkedBooter.execute(ForkedBooter.java:162) [surefire-booter-3.0.0-M5.jar:3.0.0-M5]
	at org.apache.maven.surefire.booter.ForkedBooter.run(ForkedBooter.java:562) [surefire-booter-3.0.0-M5.jar:3.0.0-M5]
	at org.apache.maven.surefire.booter.ForkedBooter.main(ForkedBooter.java:548) [surefire-booter-3.0.0-M5.jar:3.0.0-M5]
Caused by: org.openqa.selenium.TimeoutException: Expected condition failed: waiting for By.xpath: "@loginPage.btnLogin" to be clickable (tried for 5 second(s) with 100 milliseconds interval)
Build info: version: '4.17.0', revision: 'e52b1be057*'
System info: os.name: 'Windows 11', os.arch: 'amd64', os.version: '10.0', java.version: '17.0.12'
Driver info: driver.version: unknown
	at org.openqa.selenium.support.ui.FluentWait.timeoutException(FluentWait.java:265) ~[selenium-support-4.17.0.jar:?]
	at org.openqa.selenium.support.ui.FluentWait.until(FluentWait.java:228) ~[selenium-support-4.17.0.jar:?]
	at net.serenitybdd.core.pages.WebElementFacadeImpl.waitUntilClickable(WebElementFacadeImpl.java:1148) ~[serenity-core-4.2.16.jar:?]
	... 65 more
2025-12-03 23:45:20 ERROR  - 
  _____   ___   ___   _____     ___     _     ___   _      ___   ___  
 |_   _| | __| / __| |_   _|   | __|   /_\   |_ _| | |    | __| |   \ 
   | |   | _|  \__ \   | |     | _|   / _ \   | |  | |__  | _|  | |) |
   |_|   |___| |___/   |_|     |_|   /_/ \_\ |___| |____| |___| |___/ 

Login - user login success
-----------------------------------------------------------------------
2025-12-03 23:45:20 ERROR  -     Test failed at step: click to element "@loginPage.btnLogin"
2025-12-03 23:45:20 ERROR  -     Expected enabled element was not enabled
2025-12-03 23:48:36 INFO   - 

-------------------------------------------------------------------------------------
     _______. _______ .______       _______ .__   __.  __  .___________.____    ____ 
    /       ||   ____||   _  \     |   ____||  \ |  | |  | |           |\   \  /   / 
   |   (----`|  |__   |  |_)  |    |  |__   |   \|  | |  | `---|  |----` \   \/   /  
    \   \    |   __|  |      /     |   __|  |  . `  | |  |     |  |       \_    _/   
.----)   |   |  |____ |  |\  \----.|  |____ |  |\   | |  |     |  |         |  |     
|_______/    |_______|| _| `._____||_______||__| \__| |__|     |__|         |__|    
                                                                                     
 News and tutorials at https://serenity-bdd.info                                     
 Documentation at https://serenity-bdd.github.io                                     
 Test Automation Training and Coaching: https://www.serenity-dojo.com                
 Commercial Support: https://www.serenity-dojo.com/serenity-bdd-enterprise-support   
 Join the Serenity Community on Gitter: https://gitter.im/serenity-bdd/serenity-core 
-------------------------------------------------------------------------------------

2025-12-03 23:48:36 INFO   - Test Suite Started: Login
2025-12-03 23:48:36 INFO   - Test Suite Started: Login
2025-12-03 23:48:36 INFO   - 
  _____   ___   ___   _____     ___   _____     _     ___   _____   ___   ___  
 |_   _| | __| / __| |_   _|   / __| |_   _|   /_\   | _ \ |_   _| | __| |   \ 
   | |   | _|  \__ \   | |     \__ \   | |    / _ \  |   /   | |   | _|  | |) |
   |_|   |___| |___/   |_|     |___/   |_|   /_/ \_\ |_|_\   |_|   |___| |___/ 

Login - user login success(login;login---user-login-success)
--------------------------------------------------------------------------------
2025-12-03 23:48:42 ERROR com.customized.serenity.commons.actions.ClickActions - ERROR: '"@loginPage.btnLogin"' - DETAILS: Expected enabled element was not enabled
net.thucydides.core.webdriver.exceptions.ElementShouldBeEnabledException: Expected enabled element was not enabled
	at net.serenitybdd.core.pages.WebElementFacadeImpl.waitUntilClickable(WebElementFacadeImpl.java:1151) ~[serenity-core-4.2.16.jar:?]
	at com.customized.serenity.commons.actions.ClickActions.clickToElement(ClickActions.java:19) ~[test-classes/:?]
	at com.customized.serenity.commons.StepActions.clickToElement(StepActions.java:20) ~[test-classes/:?]
	at com.customized.serenity.commons.StepActions$ByteBuddy$wExUZz4q.clickToElement$accessor$zywQw3Ca(Unknown Source) ~[test-classes/:?]
	at jdk.internal.reflect.NativeMethodAccessorImpl.invoke0(Native Method) ~[?:?]
	at jdk.internal.reflect.NativeMethodAccessorImpl.invoke(NativeMethodAccessorImpl.java:77) ~[?:?]
	at jdk.internal.reflect.DelegatingMethodAccessorImpl.invoke(DelegatingMethodAccessorImpl.java:43) ~[?:?]
	at java.lang.reflect.Method.invoke(Method.java:568) ~[?:?]
	at net.thucydides.core.steps.StepInterceptor.invokeMethod(StepInterceptor.java:524) ~[serenity-core-4.2.16.jar:?]
	at net.thucydides.core.steps.StepInterceptor.executeTestStepMethod(StepInterceptor.java:504) ~[serenity-core-4.2.16.jar:?]
	at net.thucydides.core.steps.StepInterceptor.runTestStep(StepInterceptor.java:476) ~[serenity-core-4.2.16.jar:?]
	at net.thucydides.core.steps.StepInterceptor.runOrSkipMethod(StepInterceptor.java:218) ~[serenity-core-4.2.16.jar:?]
	at net.thucydides.core.steps.StepInterceptor.testStepResult(StepInterceptor.java:205) ~[serenity-core-4.2.16.jar:?]
	at net.thucydides.core.steps.StepInterceptor.intercept(StepInterceptor.java:93) ~[serenity-core-4.2.16.jar:?]
	at net.thucydides.core.steps.ProxyConfiguration$InterceptorDispatcher.intercept(ProxyConfiguration.java:51) ~[serenity-core-4.2.16.jar:?]
	at com.customized.serenity.commons.StepActions$ByteBuddy$wExUZz4q.clickToElement(Unknown Source) ~[test-classes/:?]
	at com.customized.serenity.commons.StepDefinitions.clickToElement(StepDefinitions.java:14) ~[test-classes/:?]
	at jdk.internal.reflect.NativeMethodAccessorImpl.invoke0(Native Method) ~[?:?]
	at jdk.internal.reflect.NativeMethodAccessorImpl.invoke(NativeMethodAccessorImpl.java:77) ~[?:?]
	at jdk.internal.reflect.DelegatingMethodAccessorImpl.invoke(DelegatingMethodAccessorImpl.java:43) ~[?:?]
	at java.lang.reflect.Method.invoke(Method.java:568) ~[?:?]
	at io.cucumber.java.Invoker.doInvoke(Invoker.java:66) ~[cucumber-java-7.21.1.jar:7.21.1]
	at io.cucumber.java.Invoker.invoke(Invoker.java:24) ~[cucumber-java-7.21.1.jar:7.21.1]
	at io.cucumber.java.AbstractGlueDefinition.invokeMethod(AbstractGlueDefinition.java:47) ~[cucumber-java-7.21.1.jar:7.21.1]
	at io.cucumber.java.JavaStepDefinition.execute(JavaStepDefinition.java:29) ~[cucumber-java-7.21.1.jar:7.21.1]
	at io.cucumber.core.runner.CoreStepDefinition.execute(CoreStepDefinition.java:66) ~[cucumber-core-7.21.1.jar:7.21.1]
	at io.cucumber.core.runner.PickleStepDefinitionMatch.runStep(PickleStepDefinitionMatch.java:62) ~[cucumber-core-7.21.1.jar:7.21.1]
	at io.cucumber.core.runner.ExecutionMode$1.execute(ExecutionMode.java:10) ~[cucumber-core-7.21.1.jar:7.21.1]
	at io.cucumber.core.runner.TestStep.executeStep(TestStep.java:81) ~[cucumber-core-7.21.1.jar:7.21.1]
	at io.cucumber.core.runner.TestStep.run(TestStep.java:53) ~[cucumber-core-7.21.1.jar:7.21.1]
	at io.cucumber.core.runner.PickleStepTestStep.run(PickleStepTestStep.java:51) ~[cucumber-core-7.21.1.jar:7.21.1]
	at io.cucumber.core.runner.TestCase.run(TestCase.java:84) ~[cucumber-core-7.21.1.jar:7.21.1]
	at io.cucumber.core.runner.Runner.runPickle(Runner.java:75) ~[cucumber-core-7.21.1.jar:7.21.1]
	at io.cucumber.junit.PickleRunners$NoStepDescriptions.lambda$run$0(PickleRunners.java:151) ~[cucumber-junit-7.21.1.jar:?]
	at io.cucumber.core.runtime.CucumberExecutionContext.lambda$runTestCase$5(CucumberExecutionContext.java:136) ~[cucumber-core-7.21.1.jar:7.21.1]
	at io.cucumber.core.runtime.RethrowingThrowableCollector.executeAndThrow(RethrowingThrowableCollector.java:23) [cucumber-core-7.21.1.jar:7.21.1]
	at io.cucumber.core.runtime.CucumberExecutionContext.runTestCase(CucumberExecutionContext.java:136) [cucumber-core-7.21.1.jar:7.21.1]
	at io.cucumber.junit.PickleRunners$NoStepDescriptions.run(PickleRunners.java:148) [cucumber-junit-7.21.1.jar:?]
	at io.cucumber.junit.FeatureRunner.runChild(FeatureRunner.java:144) [cucumber-junit-7.21.1.jar:?]
	at io.cucumber.junit.FeatureRunner.runChild(FeatureRunner.java:28) [cucumber-junit-7.21.1.jar:?]
	at org.junit.runners.ParentRunner$4.run(ParentRunner.java:331) [junit-4.13.2.jar:4.13.2]
	at org.junit.runners.ParentRunner$1.schedule(ParentRunner.java:79) [junit-4.13.2.jar:4.13.2]
	at org.junit.runners.ParentRunner.runChildren(ParentRunner.java:329) [junit-4.13.2.jar:4.13.2]
	at org.junit.runners.ParentRunner.access$100(ParentRunner.java:66) [junit-4.13.2.jar:4.13.2]
	at org.junit.runners.ParentRunner$2.evaluate(ParentRunner.java:293) [junit-4.13.2.jar:4.13.2]
	at org.junit.runners.ParentRunner$3.evaluate(ParentRunner.java:306) [junit-4.13.2.jar:4.13.2]
	at org.junit.runners.ParentRunner.run(ParentRunner.java:413) [junit-4.13.2.jar:4.13.2]
	at io.cucumber.junit.FeatureRunner.run(FeatureRunner.java:137) [cucumber-junit-7.21.1.jar:?]
	at io.cucumber.junit.CucumberSerenityBaseRunner.runChild(CucumberSerenityBaseRunner.java:332) [serenity-cucumber-4.2.16.jar:?]
	at io.cucumber.junit.CucumberSerenityBaseRunner.runChild(CucumberSerenityBaseRunner.java:53) [serenity-cucumber-4.2.16.jar:?]
	at org.junit.runners.ParentRunner$4.run(ParentRunner.java:331) [junit-4.13.2.jar:4.13.2]
	at org.junit.runners.ParentRunner$1.schedule(ParentRunner.java:79) [junit-4.13.2.jar:4.13.2]
	at org.junit.runners.ParentRunner.runChildren(ParentRunner.java:329) [junit-4.13.2.jar:4.13.2]
	at org.junit.runners.ParentRunner.access$100(ParentRunner.java:66) [junit-4.13.2.jar:4.13.2]
	at org.junit.runners.ParentRunner$2.evaluate(ParentRunner.java:293) [junit-4.13.2.jar:4.13.2]
	at io.cucumber.junit.CucumberSerenityBaseRunner$RunCucumber.evaluate(CucumberSerenityBaseRunner.java:363) [serenity-cucumber-4.2.16.jar:?]
	at org.junit.runners.ParentRunner$3.evaluate(ParentRunner.java:306) [junit-4.13.2.jar:4.13.2]
	at org.junit.runners.ParentRunner.run(ParentRunner.java:413) [junit-4.13.2.jar:4.13.2]
	at org.apache.maven.surefire.junit4.JUnit4Provider.execute(JUnit4Provider.java:364) [surefire-junit4-3.0.0-M5.jar:3.0.0-M5]
	at org.apache.maven.surefire.junit4.JUnit4Provider.executeWithRerun(JUnit4Provider.java:272) [surefire-junit4-3.0.0-M5.jar:3.0.0-M5]
	at org.apache.maven.surefire.junit4.JUnit4Provider.executeTestSet(JUnit4Provider.java:237) [surefire-junit4-3.0.0-M5.jar:3.0.0-M5]
	at org.apache.maven.surefire.junit4.JUnit4Provider.invoke(JUnit4Provider.java:158) [surefire-junit4-3.0.0-M5.jar:3.0.0-M5]
	at org.apache.maven.surefire.booter.ForkedBooter.runSuitesInProcess(ForkedBooter.java:428) [surefire-booter-3.0.0-M5.jar:3.0.0-M5]
	at org.apache.maven.surefire.booter.ForkedBooter.execute(ForkedBooter.java:162) [surefire-booter-3.0.0-M5.jar:3.0.0-M5]
	at org.apache.maven.surefire.booter.ForkedBooter.run(ForkedBooter.java:562) [surefire-booter-3.0.0-M5.jar:3.0.0-M5]
	at org.apache.maven.surefire.booter.ForkedBooter.main(ForkedBooter.java:548) [surefire-booter-3.0.0-M5.jar:3.0.0-M5]
Caused by: org.openqa.selenium.TimeoutException: Expected condition failed: waiting for By.xpath: "@loginPage.btnLogin" to be clickable (tried for 5 second(s) with 100 milliseconds interval)
Build info: version: '4.17.0', revision: 'e52b1be057*'
System info: os.name: 'Windows 11', os.arch: 'amd64', os.version: '10.0', java.version: '17.0.12'
Driver info: driver.version: unknown
	at org.openqa.selenium.support.ui.FluentWait.timeoutException(FluentWait.java:265) ~[selenium-support-4.17.0.jar:?]
	at org.openqa.selenium.support.ui.FluentWait.until(FluentWait.java:228) ~[selenium-support-4.17.0.jar:?]
	at net.serenitybdd.core.pages.WebElementFacadeImpl.waitUntilClickable(WebElementFacadeImpl.java:1148) ~[serenity-core-4.2.16.jar:?]
	... 65 more
2025-12-03 23:48:42 ERROR  - 
  _____   ___   ___   _____     ___     _     ___   _      ___   ___  
 |_   _| | __| / __| |_   _|   | __|   /_\   |_ _| | |    | __| |   \ 
   | |   | _|  \__ \   | |     | _|   / _ \   | |  | |__  | _|  | |) |
   |_|   |___| |___/   |_|     |_|   /_/ \_\ |___| |____| |___| |___/ 

Login - user login success
-----------------------------------------------------------------------
2025-12-03 23:48:42 ERROR  -     Test failed at step: click to element "@loginPage.btnLogin"
2025-12-03 23:48:42 ERROR  -     Expected enabled element was not enabled
2025-12-03 23:49:46 INFO   - 

-------------------------------------------------------------------------------------
     _______. _______ .______       _______ .__   __.  __  .___________.____    ____ 
    /       ||   ____||   _  \     |   ____||  \ |  | |  | |           |\   \  /   / 
   |   (----`|  |__   |  |_)  |    |  |__   |   \|  | |  | `---|  |----` \   \/   /  
    \   \    |   __|  |      /     |   __|  |  . `  | |  |     |  |       \_    _/   
.----)   |   |  |____ |  |\  \----.|  |____ |  |\   | |  |     |  |         |  |     
|_______/    |_______|| _| `._____||_______||__| \__| |__|     |__|         |__|    
                                                                                     
 News and tutorials at https://serenity-bdd.info                                     
 Documentation at https://serenity-bdd.github.io                                     
 Test Automation Training and Coaching: https://www.serenity-dojo.com                
 Commercial Support: https://www.serenity-dojo.com/serenity-bdd-enterprise-support   
 Join the Serenity Community on Gitter: https://gitter.im/serenity-bdd/serenity-core 
-------------------------------------------------------------------------------------

2025-12-03 23:49:46 INFO   - Test Suite Started: Login
2025-12-03 23:49:46 INFO   - Test Suite Started: Login
2025-12-03 23:49:46 INFO   - 
  _____   ___   ___   _____     ___   _____     _     ___   _____   ___   ___  
 |_   _| | __| / __| |_   _|   / __| |_   _|   /_\   | _ \ |_   _| | __| |   \ 
   | |   | _|  \__ \   | |     \__ \   | |    / _ \  |   /   | |   | _|  | |) |
   |_|   |___| |___/   |_|     |___/   |_|   /_/ \_\ |_|_\   |_|   |___| |___/ 

Login - user login success(login;login---user-login-success)
--------------------------------------------------------------------------------
2025-12-03 23:49:46 ERROR com.customized.serenity.configs.YamlLocatorReader - Error loading YAML: loginPage.yaml
com.fasterxml.jackson.core.JsonParseException: Unrecognized token 'btnLogin': was expecting (JSON String, Number, Array, Object or token 'null', 'true' or 'false')
 at [Source: REDACTED (`StreamReadFeature.INCLUDE_SOURCE_IN_LOCATION` disabled); line: 1, column: 10]
	at com.fasterxml.jackson.core.JsonParser._constructError(JsonParser.java:2584) ~[jackson-core-2.18.1.jar:2.18.1]
	at com.fasterxml.jackson.core.JsonParser._constructReadException(JsonParser.java:2610) ~[jackson-core-2.18.1.jar:2.18.1]
	at com.fasterxml.jackson.core.JsonParser._constructReadException(JsonParser.java:2618) ~[jackson-core-2.18.1.jar:2.18.1]
	at com.fasterxml.jackson.core.base.ParserMinimalBase._reportError(ParserMinimalBase.java:825) ~[jackson-core-2.18.1.jar:2.18.1]
	at com.fasterxml.jackson.core.json.UTF8StreamJsonParser._reportInvalidToken(UTF8StreamJsonParser.java:3662) ~[jackson-core-2.18.1.jar:2.18.1]
	at com.fasterxml.jackson.core.json.UTF8StreamJsonParser._handleUnexpectedValue(UTF8StreamJsonParser.java:2749) ~[jackson-core-2.18.1.jar:2.18.1]
	at com.fasterxml.jackson.core.json.UTF8StreamJsonParser._nextTokenNotInObject(UTF8StreamJsonParser.java:867) ~[jackson-core-2.18.1.jar:2.18.1]
	at com.fasterxml.jackson.core.json.UTF8StreamJsonParser.nextToken(UTF8StreamJsonParser.java:753) ~[jackson-core-2.18.1.jar:2.18.1]
	at com.fasterxml.jackson.databind.ObjectMapper._initForReading(ObjectMapper.java:5004) ~[jackson-databind-2.18.1.jar:2.18.1]
	at com.fasterxml.jackson.databind.ObjectMapper._readMapAndClose(ObjectMapper.java:4910) ~[jackson-databind-2.18.1.jar:2.18.1]
	at com.fasterxml.jackson.databind.ObjectMapper.readValue(ObjectMapper.java:3897) ~[jackson-databind-2.18.1.jar:2.18.1]
	at com.customized.serenity.configs.YamlLocatorReader.loadYaml(YamlLocatorReader.java:68) ~[test-classes/:?]
	at com.customized.serenity.configs.YamlLocatorReader.getLocator(YamlLocatorReader.java:25) ~[test-classes/:?]
	at com.customized.serenity.configs.LocatorResolver.resolve(LocatorResolver.java:18) ~[test-classes/:?]
	at com.customized.serenity.configs.ParameterType.str(ParameterType.java:12) ~[test-classes/:?]
	at jdk.internal.reflect.NativeMethodAccessorImpl.invoke0(Native Method) ~[?:?]
	at jdk.internal.reflect.NativeMethodAccessorImpl.invoke(NativeMethodAccessorImpl.java:77) ~[?:?]
	at jdk.internal.reflect.DelegatingMethodAccessorImpl.invoke(DelegatingMethodAccessorImpl.java:43) ~[?:?]
	at java.lang.reflect.Method.invoke(Method.java:568) ~[?:?]
	at io.cucumber.java.Invoker.doInvoke(Invoker.java:66) ~[cucumber-java-7.21.1.jar:7.21.1]
	at io.cucumber.java.Invoker.invoke(Invoker.java:24) ~[cucumber-java-7.21.1.jar:7.21.1]
	at io.cucumber.java.AbstractGlueDefinition.invokeMethod(AbstractGlueDefinition.java:47) ~[cucumber-java-7.21.1.jar:7.21.1]
	at io.cucumber.java.JavaParameterTypeDefinition.execute(JavaParameterTypeDefinition.java:68) ~[cucumber-java-7.21.1.jar:7.21.1]
	at io.cucumber.cucumberexpressions.ParameterType.transform(ParameterType.java:259) ~[cucumber-expressions-18.0.1.jar:18.0.1]
	at io.cucumber.cucumberexpressions.Argument.getValue(Argument.java:42) ~[cucumber-expressions-18.0.1.jar:18.0.1]
	at io.cucumber.core.stepexpression.ExpressionArgument.getValue(ExpressionArgument.java:17) ~[cucumber-core-7.21.1.jar:7.21.1]
	at io.cucumber.core.runner.PickleStepDefinitionMatch.runStep(PickleStepDefinitionMatch.java:46) ~[cucumber-core-7.21.1.jar:7.21.1]
	at io.cucumber.core.runner.ExecutionMode$1.execute(ExecutionMode.java:10) ~[cucumber-core-7.21.1.jar:7.21.1]
	at io.cucumber.core.runner.TestStep.executeStep(TestStep.java:81) ~[cucumber-core-7.21.1.jar:7.21.1]
	at io.cucumber.core.runner.TestStep.run(TestStep.java:53) ~[cucumber-core-7.21.1.jar:7.21.1]
	at io.cucumber.core.runner.PickleStepTestStep.run(PickleStepTestStep.java:51) ~[cucumber-core-7.21.1.jar:7.21.1]
	at io.cucumber.core.runner.TestCase.run(TestCase.java:84) ~[cucumber-core-7.21.1.jar:7.21.1]
	at io.cucumber.core.runner.Runner.runPickle(Runner.java:75) ~[cucumber-core-7.21.1.jar:7.21.1]
	at io.cucumber.junit.PickleRunners$NoStepDescriptions.lambda$run$0(PickleRunners.java:151) ~[cucumber-junit-7.21.1.jar:?]
	at io.cucumber.core.runtime.CucumberExecutionContext.lambda$runTestCase$5(CucumberExecutionContext.java:136) ~[cucumber-core-7.21.1.jar:7.21.1]
	at io.cucumber.core.runtime.RethrowingThrowableCollector.executeAndThrow(RethrowingThrowableCollector.java:23) [cucumber-core-7.21.1.jar:7.21.1]
	at io.cucumber.core.runtime.CucumberExecutionContext.runTestCase(CucumberExecutionContext.java:136) [cucumber-core-7.21.1.jar:7.21.1]
	at io.cucumber.junit.PickleRunners$NoStepDescriptions.run(PickleRunners.java:148) [cucumber-junit-7.21.1.jar:?]
	at io.cucumber.junit.FeatureRunner.runChild(FeatureRunner.java:144) [cucumber-junit-7.21.1.jar:?]
	at io.cucumber.junit.FeatureRunner.runChild(FeatureRunner.java:28) [cucumber-junit-7.21.1.jar:?]
	at org.junit.runners.ParentRunner$4.run(ParentRunner.java:331) [junit-4.13.2.jar:4.13.2]
	at org.junit.runners.ParentRunner$1.schedule(ParentRunner.java:79) [junit-4.13.2.jar:4.13.2]
	at org.junit.runners.ParentRunner.runChildren(ParentRunner.java:329) [junit-4.13.2.jar:4.13.2]
	at org.junit.runners.ParentRunner.access$100(ParentRunner.java:66) [junit-4.13.2.jar:4.13.2]
	at org.junit.runners.ParentRunner$2.evaluate(ParentRunner.java:293) [junit-4.13.2.jar:4.13.2]
	at org.junit.runners.ParentRunner$3.evaluate(ParentRunner.java:306) [junit-4.13.2.jar:4.13.2]
	at org.junit.runners.ParentRunner.run(ParentRunner.java:413) [junit-4.13.2.jar:4.13.2]
	at io.cucumber.junit.FeatureRunner.run(FeatureRunner.java:137) [cucumber-junit-7.21.1.jar:?]
	at io.cucumber.junit.CucumberSerenityBaseRunner.runChild(CucumberSerenityBaseRunner.java:332) [serenity-cucumber-4.2.16.jar:?]
	at io.cucumber.junit.CucumberSerenityBaseRunner.runChild(CucumberSerenityBaseRunner.java:53) [serenity-cucumber-4.2.16.jar:?]
	at org.junit.runners.ParentRunner$4.run(ParentRunner.java:331) [junit-4.13.2.jar:4.13.2]
	at org.junit.runners.ParentRunner$1.schedule(ParentRunner.java:79) [junit-4.13.2.jar:4.13.2]
	at org.junit.runners.ParentRunner.runChildren(ParentRunner.java:329) [junit-4.13.2.jar:4.13.2]
	at org.junit.runners.ParentRunner.access$100(ParentRunner.java:66) [junit-4.13.2.jar:4.13.2]
	at org.junit.runners.ParentRunner$2.evaluate(ParentRunner.java:293) [junit-4.13.2.jar:4.13.2]
	at io.cucumber.junit.CucumberSerenityBaseRunner$RunCucumber.evaluate(CucumberSerenityBaseRunner.java:363) [serenity-cucumber-4.2.16.jar:?]
	at org.junit.runners.ParentRunner$3.evaluate(ParentRunner.java:306) [junit-4.13.2.jar:4.13.2]
	at org.junit.runners.ParentRunner.run(ParentRunner.java:413) [junit-4.13.2.jar:4.13.2]
	at org.apache.maven.surefire.junit4.JUnit4Provider.execute(JUnit4Provider.java:364) [surefire-junit4-3.0.0-M5.jar:3.0.0-M5]
	at org.apache.maven.surefire.junit4.JUnit4Provider.executeWithRerun(JUnit4Provider.java:272) [surefire-junit4-3.0.0-M5.jar:3.0.0-M5]
	at org.apache.maven.surefire.junit4.JUnit4Provider.executeTestSet(JUnit4Provider.java:237) [surefire-junit4-3.0.0-M5.jar:3.0.0-M5]
	at org.apache.maven.surefire.junit4.JUnit4Provider.invoke(JUnit4Provider.java:158) [surefire-junit4-3.0.0-M5.jar:3.0.0-M5]
	at org.apache.maven.surefire.booter.ForkedBooter.runSuitesInProcess(ForkedBooter.java:428) [surefire-booter-3.0.0-M5.jar:3.0.0-M5]
	at org.apache.maven.surefire.booter.ForkedBooter.execute(ForkedBooter.java:162) [surefire-booter-3.0.0-M5.jar:3.0.0-M5]
	at org.apache.maven.surefire.booter.ForkedBooter.run(ForkedBooter.java:562) [surefire-booter-3.0.0-M5.jar:3.0.0-M5]
	at org.apache.maven.surefire.booter.ForkedBooter.main(ForkedBooter.java:548) [surefire-booter-3.0.0-M5.jar:3.0.0-M5]
2025-12-03 23:49:46 ERROR com.customized.serenity.configs.YamlLocatorReader - Error reading locator: btnLogin from loginPage.yaml
java.lang.RuntimeException: com.fasterxml.jackson.core.JsonParseException: Unrecognized token 'btnLogin': was expecting (JSON String, Number, Array, Object or token 'null', 'true' or 'false')
 at [Source: REDACTED (`StreamReadFeature.INCLUDE_SOURCE_IN_LOCATION` disabled); line: 1, column: 10]
	at com.customized.serenity.configs.YamlLocatorReader.loadYaml(YamlLocatorReader.java:78) ~[test-classes/:?]
	at com.customized.serenity.configs.YamlLocatorReader.getLocator(YamlLocatorReader.java:25) ~[test-classes/:?]
	at com.customized.serenity.configs.LocatorResolver.resolve(LocatorResolver.java:18) ~[test-classes/:?]
	at com.customized.serenity.configs.ParameterType.str(ParameterType.java:12) ~[test-classes/:?]
	at jdk.internal.reflect.NativeMethodAccessorImpl.invoke0(Native Method) ~[?:?]
	at jdk.internal.reflect.NativeMethodAccessorImpl.invoke(NativeMethodAccessorImpl.java:77) ~[?:?]
	at jdk.internal.reflect.DelegatingMethodAccessorImpl.invoke(DelegatingMethodAccessorImpl.java:43) ~[?:?]
	at java.lang.reflect.Method.invoke(Method.java:568) ~[?:?]
	at io.cucumber.java.Invoker.doInvoke(Invoker.java:66) ~[cucumber-java-7.21.1.jar:7.21.1]
	at io.cucumber.java.Invoker.invoke(Invoker.java:24) ~[cucumber-java-7.21.1.jar:7.21.1]
	at io.cucumber.java.AbstractGlueDefinition.invokeMethod(AbstractGlueDefinition.java:47) ~[cucumber-java-7.21.1.jar:7.21.1]
	at io.cucumber.java.JavaParameterTypeDefinition.execute(JavaParameterTypeDefinition.java:68) ~[cucumber-java-7.21.1.jar:7.21.1]
	at io.cucumber.cucumberexpressions.ParameterType.transform(ParameterType.java:259) ~[cucumber-expressions-18.0.1.jar:18.0.1]
	at io.cucumber.cucumberexpressions.Argument.getValue(Argument.java:42) ~[cucumber-expressions-18.0.1.jar:18.0.1]
	at io.cucumber.core.stepexpression.ExpressionArgument.getValue(ExpressionArgument.java:17) ~[cucumber-core-7.21.1.jar:7.21.1]
	at io.cucumber.core.runner.PickleStepDefinitionMatch.runStep(PickleStepDefinitionMatch.java:46) ~[cucumber-core-7.21.1.jar:7.21.1]
	at io.cucumber.core.runner.ExecutionMode$1.execute(ExecutionMode.java:10) ~[cucumber-core-7.21.1.jar:7.21.1]
	at io.cucumber.core.runner.TestStep.executeStep(TestStep.java:81) ~[cucumber-core-7.21.1.jar:7.21.1]
	at io.cucumber.core.runner.TestStep.run(TestStep.java:53) ~[cucumber-core-7.21.1.jar:7.21.1]
	at io.cucumber.core.runner.PickleStepTestStep.run(PickleStepTestStep.java:51) ~[cucumber-core-7.21.1.jar:7.21.1]
	at io.cucumber.core.runner.TestCase.run(TestCase.java:84) ~[cucumber-core-7.21.1.jar:7.21.1]
	at io.cucumber.core.runner.Runner.runPickle(Runner.java:75) ~[cucumber-core-7.21.1.jar:7.21.1]
	at io.cucumber.junit.PickleRunners$NoStepDescriptions.lambda$run$0(PickleRunners.java:151) ~[cucumber-junit-7.21.1.jar:?]
	at io.cucumber.core.runtime.CucumberExecutionContext.lambda$runTestCase$5(CucumberExecutionContext.java:136) ~[cucumber-core-7.21.1.jar:7.21.1]
	at io.cucumber.core.runtime.RethrowingThrowableCollector.executeAndThrow(RethrowingThrowableCollector.java:23) [cucumber-core-7.21.1.jar:7.21.1]
	at io.cucumber.core.runtime.CucumberExecutionContext.runTestCase(CucumberExecutionContext.java:136) [cucumber-core-7.21.1.jar:7.21.1]
	at io.cucumber.junit.PickleRunners$NoStepDescriptions.run(PickleRunners.java:148) [cucumber-junit-7.21.1.jar:?]
	at io.cucumber.junit.FeatureRunner.runChild(FeatureRunner.java:144) [cucumber-junit-7.21.1.jar:?]
	at io.cucumber.junit.FeatureRunner.runChild(FeatureRunner.java:28) [cucumber-junit-7.21.1.jar:?]
	at org.junit.runners.ParentRunner$4.run(ParentRunner.java:331) [junit-4.13.2.jar:4.13.2]
	at org.junit.runners.ParentRunner$1.schedule(ParentRunner.java:79) [junit-4.13.2.jar:4.13.2]
	at org.junit.runners.ParentRunner.runChildren(ParentRunner.java:329) [junit-4.13.2.jar:4.13.2]
	at org.junit.runners.ParentRunner.access$100(ParentRunner.java:66) [junit-4.13.2.jar:4.13.2]
	at org.junit.runners.ParentRunner$2.evaluate(ParentRunner.java:293) [junit-4.13.2.jar:4.13.2]
	at org.junit.runners.ParentRunner$3.evaluate(ParentRunner.java:306) [junit-4.13.2.jar:4.13.2]
	at org.junit.runners.ParentRunner.run(ParentRunner.java:413) [junit-4.13.2.jar:4.13.2]
	at io.cucumber.junit.FeatureRunner.run(FeatureRunner.java:137) [cucumber-junit-7.21.1.jar:?]
	at io.cucumber.junit.CucumberSerenityBaseRunner.runChild(CucumberSerenityBaseRunner.java:332) [serenity-cucumber-4.2.16.jar:?]
	at io.cucumber.junit.CucumberSerenityBaseRunner.runChild(CucumberSerenityBaseRunner.java:53) [serenity-cucumber-4.2.16.jar:?]
	at org.junit.runners.ParentRunner$4.run(ParentRunner.java:331) [junit-4.13.2.jar:4.13.2]
	at org.junit.runners.ParentRunner$1.schedule(ParentRunner.java:79) [junit-4.13.2.jar:4.13.2]
	at org.junit.runners.ParentRunner.runChildren(ParentRunner.java:329) [junit-4.13.2.jar:4.13.2]
	at org.junit.runners.ParentRunner.access$100(ParentRunner.java:66) [junit-4.13.2.jar:4.13.2]
	at org.junit.runners.ParentRunner$2.evaluate(ParentRunner.java:293) [junit-4.13.2.jar:4.13.2]
	at io.cucumber.junit.CucumberSerenityBaseRunner$RunCucumber.evaluate(CucumberSerenityBaseRunner.java:363) [serenity-cucumber-4.2.16.jar:?]
	at org.junit.runners.ParentRunner$3.evaluate(ParentRunner.java:306) [junit-4.13.2.jar:4.13.2]
	at org.junit.runners.ParentRunner.run(ParentRunner.java:413) [junit-4.13.2.jar:4.13.2]
	at org.apache.maven.surefire.junit4.JUnit4Provider.execute(JUnit4Provider.java:364) [surefire-junit4-3.0.0-M5.jar:3.0.0-M5]
	at org.apache.maven.surefire.junit4.JUnit4Provider.executeWithRerun(JUnit4Provider.java:272) [surefire-junit4-3.0.0-M5.jar:3.0.0-M5]
	at org.apache.maven.surefire.junit4.JUnit4Provider.executeTestSet(JUnit4Provider.java:237) [surefire-junit4-3.0.0-M5.jar:3.0.0-M5]
	at org.apache.maven.surefire.junit4.JUnit4Provider.invoke(JUnit4Provider.java:158) [surefire-junit4-3.0.0-M5.jar:3.0.0-M5]
	at org.apache.maven.surefire.booter.ForkedBooter.runSuitesInProcess(ForkedBooter.java:428) [surefire-booter-3.0.0-M5.jar:3.0.0-M5]
	at org.apache.maven.surefire.booter.ForkedBooter.execute(ForkedBooter.java:162) [surefire-booter-3.0.0-M5.jar:3.0.0-M5]
	at org.apache.maven.surefire.booter.ForkedBooter.run(ForkedBooter.java:562) [surefire-booter-3.0.0-M5.jar:3.0.0-M5]
	at org.apache.maven.surefire.booter.ForkedBooter.main(ForkedBooter.java:548) [surefire-booter-3.0.0-M5.jar:3.0.0-M5]
Caused by: com.fasterxml.jackson.core.JsonParseException: Unrecognized token 'btnLogin': was expecting (JSON String, Number, Array, Object or token 'null', 'true' or 'false')
 at [Source: REDACTED (`StreamReadFeature.INCLUDE_SOURCE_IN_LOCATION` disabled); line: 1, column: 10]
	at com.fasterxml.jackson.core.JsonParser._constructError(JsonParser.java:2584) ~[jackson-core-2.18.1.jar:2.18.1]
	at com.fasterxml.jackson.core.JsonParser._constructReadException(JsonParser.java:2610) ~[jackson-core-2.18.1.jar:2.18.1]
	at com.fasterxml.jackson.core.JsonParser._constructReadException(JsonParser.java:2618) ~[jackson-core-2.18.1.jar:2.18.1]
	at com.fasterxml.jackson.core.base.ParserMinimalBase._reportError(ParserMinimalBase.java:825) ~[jackson-core-2.18.1.jar:2.18.1]
	at com.fasterxml.jackson.core.json.UTF8StreamJsonParser._reportInvalidToken(UTF8StreamJsonParser.java:3662) ~[jackson-core-2.18.1.jar:2.18.1]
	at com.fasterxml.jackson.core.json.UTF8StreamJsonParser._handleUnexpectedValue(UTF8StreamJsonParser.java:2749) ~[jackson-core-2.18.1.jar:2.18.1]
	at com.fasterxml.jackson.core.json.UTF8StreamJsonParser._nextTokenNotInObject(UTF8StreamJsonParser.java:867) ~[jackson-core-2.18.1.jar:2.18.1]
	at com.fasterxml.jackson.core.json.UTF8StreamJsonParser.nextToken(UTF8StreamJsonParser.java:753) ~[jackson-core-2.18.1.jar:2.18.1]
	at com.fasterxml.jackson.databind.ObjectMapper._initForReading(ObjectMapper.java:5004) ~[jackson-databind-2.18.1.jar:2.18.1]
	at com.fasterxml.jackson.databind.ObjectMapper._readMapAndClose(ObjectMapper.java:4910) ~[jackson-databind-2.18.1.jar:2.18.1]
	at com.fasterxml.jackson.databind.ObjectMapper.readValue(ObjectMapper.java:3897) ~[jackson-databind-2.18.1.jar:2.18.1]
	at com.customized.serenity.configs.YamlLocatorReader.loadYaml(YamlLocatorReader.java:68) ~[test-classes/:?]
	... 54 more
2025-12-03 23:49:46 ERROR  - 
  _____   ___   ___   _____     ___   ___   ___    ___    ___ 
 |_   _| | __| / __| |_   _|   | __| | _ \ | _ \  / _ \  | _ \
   | |   | _|  \__ \   | |     | _|  |   / |   / | (_) | |   /
   |_|   |___| |___/   |_|     |___| |_|_\ |_|_\  \___/  |_|_\

Login - user login success
---------------------------------------------------------------
2025-12-03 23:49:46 ERROR  -     Test failed at step: When user click to @loginPage.btnLogin
2025-12-03 23:49:46 ERROR  -     java.lang.RuntimeException: com.fasterxml.jackson.core.JsonParseException: Unrecognized token 'btnLogin': was expecting (JSON String, Number, Array, Object or token 'null', 'true' or 'false') at [Source: REDACTED (`StreamReadFeature.INCLUDE_SOURCE_IN_LOCATION` disabled); line: 1, column: 10]
2025-12-03 23:54:20 INFO   - 

-------------------------------------------------------------------------------------
     _______. _______ .______       _______ .__   __.  __  .___________.____    ____ 
    /       ||   ____||   _  \     |   ____||  \ |  | |  | |           |\   \  /   / 
   |   (----`|  |__   |  |_)  |    |  |__   |   \|  | |  | `---|  |----` \   \/   /  
    \   \    |   __|  |      /     |   __|  |  . `  | |  |     |  |       \_    _/   
.----)   |   |  |____ |  |\  \----.|  |____ |  |\   | |  |     |  |         |  |     
|_______/    |_______|| _| `._____||_______||__| \__| |__|     |__|         |__|    
                                                                                     
 News and tutorials at https://serenity-bdd.info                                     
 Documentation at https://serenity-bdd.github.io                                     
 Test Automation Training and Coaching: https://www.serenity-dojo.com                
 Commercial Support: https://www.serenity-dojo.com/serenity-bdd-enterprise-support   
 Join the Serenity Community on Gitter: https://gitter.im/serenity-bdd/serenity-core 
-------------------------------------------------------------------------------------

2025-12-03 23:54:20 INFO   - Test Suite Started: Login
2025-12-03 23:54:20 INFO   - Test Suite Started: Login
2025-12-03 23:54:20 INFO   - 
  _____   ___   ___   _____     ___   _____     _     ___   _____   ___   ___  
 |_   _| | __| / __| |_   _|   / __| |_   _|   /_\   | _ \ |_   _| | __| |   \ 
   | |   | _|  \__ \   | |     \__ \   | |    / _ \  |   /   | |   | _|  | |) |
   |_|   |___| |___/   |_|     |___/   |_|   /_/ \_\ |_|_\   |_|   |___| |___/ 

Login - user login success(login;login---user-login-success)
--------------------------------------------------------------------------------
2025-12-03 23:54:20 INFO  com.customized.serenity.configs.YamlLocatorReader - Loaded YAML file: loginPage.yaml
2025-12-03 23:54:20 INFO  com.customized.serenity.configs.YamlLocatorReader - Resolved locator [btnLogin -> android] = //android.widget.Button[@content-desc='login']
2025-12-03 23:54:20 INFO  com.customized.serenity.configs.YamlLocatorReader - Resolved locator [btnLogin -> android] = //android.widget.Button[@content-desc='login']
2025-12-03 23:54:26 ERROR com.customized.serenity.commons.actions.ClickActions - ERROR: '//android.widget.Button[@content-desc='login']' - DETAILS: Expected enabled element was not enabled
net.thucydides.core.webdriver.exceptions.ElementShouldBeEnabledException: Expected enabled element was not enabled
	at net.serenitybdd.core.pages.WebElementFacadeImpl.waitUntilClickable(WebElementFacadeImpl.java:1151) ~[serenity-core-4.2.16.jar:?]
	at com.customized.serenity.commons.actions.ClickActions.clickToElement(ClickActions.java:19) ~[test-classes/:?]
	at com.customized.serenity.commons.StepActions.clickToElement(StepActions.java:20) ~[test-classes/:?]
	at com.customized.serenity.commons.StepActions$ByteBuddy$FE7DXqMG.clickToElement$accessor$18R50wKz(Unknown Source) ~[test-classes/:?]
	at jdk.internal.reflect.NativeMethodAccessorImpl.invoke0(Native Method) ~[?:?]
	at jdk.internal.reflect.NativeMethodAccessorImpl.invoke(NativeMethodAccessorImpl.java:77) ~[?:?]
	at jdk.internal.reflect.DelegatingMethodAccessorImpl.invoke(DelegatingMethodAccessorImpl.java:43) ~[?:?]
	at java.lang.reflect.Method.invoke(Method.java:568) ~[?:?]
	at net.thucydides.core.steps.StepInterceptor.invokeMethod(StepInterceptor.java:524) ~[serenity-core-4.2.16.jar:?]
	at net.thucydides.core.steps.StepInterceptor.executeTestStepMethod(StepInterceptor.java:504) ~[serenity-core-4.2.16.jar:?]
	at net.thucydides.core.steps.StepInterceptor.runTestStep(StepInterceptor.java:476) ~[serenity-core-4.2.16.jar:?]
	at net.thucydides.core.steps.StepInterceptor.runOrSkipMethod(StepInterceptor.java:218) ~[serenity-core-4.2.16.jar:?]
	at net.thucydides.core.steps.StepInterceptor.testStepResult(StepInterceptor.java:205) ~[serenity-core-4.2.16.jar:?]
	at net.thucydides.core.steps.StepInterceptor.intercept(StepInterceptor.java:93) ~[serenity-core-4.2.16.jar:?]
	at net.thucydides.core.steps.ProxyConfiguration$InterceptorDispatcher.intercept(ProxyConfiguration.java:51) ~[serenity-core-4.2.16.jar:?]
	at com.customized.serenity.commons.StepActions$ByteBuddy$FE7DXqMG.clickToElement(Unknown Source) ~[test-classes/:?]
	at com.customized.serenity.commons.StepDefinitions.clickToElement(StepDefinitions.java:14) ~[test-classes/:?]
	at jdk.internal.reflect.NativeMethodAccessorImpl.invoke0(Native Method) ~[?:?]
	at jdk.internal.reflect.NativeMethodAccessorImpl.invoke(NativeMethodAccessorImpl.java:77) ~[?:?]
	at jdk.internal.reflect.DelegatingMethodAccessorImpl.invoke(DelegatingMethodAccessorImpl.java:43) ~[?:?]
	at java.lang.reflect.Method.invoke(Method.java:568) ~[?:?]
	at io.cucumber.java.Invoker.doInvoke(Invoker.java:66) ~[cucumber-java-7.21.1.jar:7.21.1]
	at io.cucumber.java.Invoker.invoke(Invoker.java:24) ~[cucumber-java-7.21.1.jar:7.21.1]
	at io.cucumber.java.AbstractGlueDefinition.invokeMethod(AbstractGlueDefinition.java:47) ~[cucumber-java-7.21.1.jar:7.21.1]
	at io.cucumber.java.JavaStepDefinition.execute(JavaStepDefinition.java:29) ~[cucumber-java-7.21.1.jar:7.21.1]
	at io.cucumber.core.runner.CoreStepDefinition.execute(CoreStepDefinition.java:66) ~[cucumber-core-7.21.1.jar:7.21.1]
	at io.cucumber.core.runner.PickleStepDefinitionMatch.runStep(PickleStepDefinitionMatch.java:62) ~[cucumber-core-7.21.1.jar:7.21.1]
	at io.cucumber.core.runner.ExecutionMode$1.execute(ExecutionMode.java:10) ~[cucumber-core-7.21.1.jar:7.21.1]
	at io.cucumber.core.runner.TestStep.executeStep(TestStep.java:81) ~[cucumber-core-7.21.1.jar:7.21.1]
	at io.cucumber.core.runner.TestStep.run(TestStep.java:53) ~[cucumber-core-7.21.1.jar:7.21.1]
	at io.cucumber.core.runner.PickleStepTestStep.run(PickleStepTestStep.java:51) ~[cucumber-core-7.21.1.jar:7.21.1]
	at io.cucumber.core.runner.TestCase.run(TestCase.java:84) ~[cucumber-core-7.21.1.jar:7.21.1]
	at io.cucumber.core.runner.Runner.runPickle(Runner.java:75) ~[cucumber-core-7.21.1.jar:7.21.1]
	at io.cucumber.junit.PickleRunners$NoStepDescriptions.lambda$run$0(PickleRunners.java:151) ~[cucumber-junit-7.21.1.jar:?]
	at io.cucumber.core.runtime.CucumberExecutionContext.lambda$runTestCase$5(CucumberExecutionContext.java:136) ~[cucumber-core-7.21.1.jar:7.21.1]
	at io.cucumber.core.runtime.RethrowingThrowableCollector.executeAndThrow(RethrowingThrowableCollector.java:23) [cucumber-core-7.21.1.jar:7.21.1]
	at io.cucumber.core.runtime.CucumberExecutionContext.runTestCase(CucumberExecutionContext.java:136) [cucumber-core-7.21.1.jar:7.21.1]
	at io.cucumber.junit.PickleRunners$NoStepDescriptions.run(PickleRunners.java:148) [cucumber-junit-7.21.1.jar:?]
	at io.cucumber.junit.FeatureRunner.runChild(FeatureRunner.java:144) [cucumber-junit-7.21.1.jar:?]
	at io.cucumber.junit.FeatureRunner.runChild(FeatureRunner.java:28) [cucumber-junit-7.21.1.jar:?]
	at org.junit.runners.ParentRunner$4.run(ParentRunner.java:331) [junit-4.13.2.jar:4.13.2]
	at org.junit.runners.ParentRunner$1.schedule(ParentRunner.java:79) [junit-4.13.2.jar:4.13.2]
	at org.junit.runners.ParentRunner.runChildren(ParentRunner.java:329) [junit-4.13.2.jar:4.13.2]
	at org.junit.runners.ParentRunner.access$100(ParentRunner.java:66) [junit-4.13.2.jar:4.13.2]
	at org.junit.runners.ParentRunner$2.evaluate(ParentRunner.java:293) [junit-4.13.2.jar:4.13.2]
	at org.junit.runners.ParentRunner$3.evaluate(ParentRunner.java:306) [junit-4.13.2.jar:4.13.2]
	at org.junit.runners.ParentRunner.run(ParentRunner.java:413) [junit-4.13.2.jar:4.13.2]
	at io.cucumber.junit.FeatureRunner.run(FeatureRunner.java:137) [cucumber-junit-7.21.1.jar:?]
	at io.cucumber.junit.CucumberSerenityBaseRunner.runChild(CucumberSerenityBaseRunner.java:332) [serenity-cucumber-4.2.16.jar:?]
	at io.cucumber.junit.CucumberSerenityBaseRunner.runChild(CucumberSerenityBaseRunner.java:53) [serenity-cucumber-4.2.16.jar:?]
	at org.junit.runners.ParentRunner$4.run(ParentRunner.java:331) [junit-4.13.2.jar:4.13.2]
	at org.junit.runners.ParentRunner$1.schedule(ParentRunner.java:79) [junit-4.13.2.jar:4.13.2]
	at org.junit.runners.ParentRunner.runChildren(ParentRunner.java:329) [junit-4.13.2.jar:4.13.2]
	at org.junit.runners.ParentRunner.access$100(ParentRunner.java:66) [junit-4.13.2.jar:4.13.2]
	at org.junit.runners.ParentRunner$2.evaluate(ParentRunner.java:293) [junit-4.13.2.jar:4.13.2]
	at io.cucumber.junit.CucumberSerenityBaseRunner$RunCucumber.evaluate(CucumberSerenityBaseRunner.java:363) [serenity-cucumber-4.2.16.jar:?]
	at org.junit.runners.ParentRunner$3.evaluate(ParentRunner.java:306) [junit-4.13.2.jar:4.13.2]
	at org.junit.runners.ParentRunner.run(ParentRunner.java:413) [junit-4.13.2.jar:4.13.2]
	at org.apache.maven.surefire.junit4.JUnit4Provider.execute(JUnit4Provider.java:364) [surefire-junit4-3.0.0-M5.jar:3.0.0-M5]
	at org.apache.maven.surefire.junit4.JUnit4Provider.executeWithRerun(JUnit4Provider.java:272) [surefire-junit4-3.0.0-M5.jar:3.0.0-M5]
	at org.apache.maven.surefire.junit4.JUnit4Provider.executeTestSet(JUnit4Provider.java:237) [surefire-junit4-3.0.0-M5.jar:3.0.0-M5]
	at org.apache.maven.surefire.junit4.JUnit4Provider.invoke(JUnit4Provider.java:158) [surefire-junit4-3.0.0-M5.jar:3.0.0-M5]
	at org.apache.maven.surefire.booter.ForkedBooter.runSuitesInProcess(ForkedBooter.java:428) [surefire-booter-3.0.0-M5.jar:3.0.0-M5]
	at org.apache.maven.surefire.booter.ForkedBooter.execute(ForkedBooter.java:162) [surefire-booter-3.0.0-M5.jar:3.0.0-M5]
	at org.apache.maven.surefire.booter.ForkedBooter.run(ForkedBooter.java:562) [surefire-booter-3.0.0-M5.jar:3.0.0-M5]
	at org.apache.maven.surefire.booter.ForkedBooter.main(ForkedBooter.java:548) [surefire-booter-3.0.0-M5.jar:3.0.0-M5]
Caused by: org.openqa.selenium.TimeoutException: Expected condition failed: waiting for By.xpath: //android.widget.Button[@content-desc='login'] to be clickable (tried for 5 second(s) with 100 milliseconds interval)
Build info: version: '4.17.0', revision: 'e52b1be057*'
System info: os.name: 'Windows 11', os.arch: 'amd64', os.version: '10.0', java.version: '17.0.12'
Driver info: driver.version: unknown
	at org.openqa.selenium.support.ui.FluentWait.timeoutException(FluentWait.java:265) ~[selenium-support-4.17.0.jar:?]
	at org.openqa.selenium.support.ui.FluentWait.until(FluentWait.java:228) ~[selenium-support-4.17.0.jar:?]
	at net.serenitybdd.core.pages.WebElementFacadeImpl.waitUntilClickable(WebElementFacadeImpl.java:1148) ~[serenity-core-4.2.16.jar:?]
	... 65 more
2025-12-03 23:54:26 ERROR  - 
  _____   ___   ___   _____     ___     _     ___   _      ___   ___  
 |_   _| | __| / __| |_   _|   | __|   /_\   |_ _| | |    | __| |   \ 
   | |   | _|  \__ \   | |     | _|   / _ \   | |  | |__  | _|  | |) |
   |_|   |___| |___/   |_|     |_|   /_/ \_\ |___| |____| |___| |___/ 

Login - user login success
-----------------------------------------------------------------------
2025-12-03 23:54:26 ERROR  -     Test failed at step: click to element //android.widget.Button[@content-desc='login']
2025-12-03 23:54:26 ERROR  -     Expected enabled element was not enabled
2025-12-03 23:56:11 INFO   - 

-------------------------------------------------------------------------------------
     _______. _______ .______       _______ .__   __.  __  .___________.____    ____ 
    /       ||   ____||   _  \     |   ____||  \ |  | |  | |           |\   \  /   / 
   |   (----`|  |__   |  |_)  |    |  |__   |   \|  | |  | `---|  |----` \   \/   /  
    \   \    |   __|  |      /     |   __|  |  . `  | |  |     |  |       \_    _/   
.----)   |   |  |____ |  |\  \----.|  |____ |  |\   | |  |     |  |         |  |     
|_______/    |_______|| _| `._____||_______||__| \__| |__|     |__|         |__|    
                                                                                     
 News and tutorials at https://serenity-bdd.info                                     
 Documentation at https://serenity-bdd.github.io                                     
 Test Automation Training and Coaching: https://www.serenity-dojo.com                
 Commercial Support: https://www.serenity-dojo.com/serenity-bdd-enterprise-support   
 Join the Serenity Community on Gitter: https://gitter.im/serenity-bdd/serenity-core 
-------------------------------------------------------------------------------------

2025-12-03 23:56:11 INFO   - Test Suite Started: Login
2025-12-03 23:56:11 INFO   - Test Suite Started: Login
2025-12-03 23:56:12 INFO   - 
  _____   ___   ___   _____     ___   _____     _     ___   _____   ___   ___  
 |_   _| | __| / __| |_   _|   / __| |_   _|   /_\   | _ \ |_   _| | __| |   \ 
   | |   | _|  \__ \   | |     \__ \   | |    / _ \  |   /   | |   | _|  | |) |
   |_|   |___| |___/   |_|     |___/   |_|   /_/ \_\ |_|_\   |_|   |___| |___/ 

Login - user login success(login;login---user-login-success)
--------------------------------------------------------------------------------
2025-12-03 23:56:12 INFO  com.customized.serenity.configs.YamlLocatorReader - Loaded YAML file: loginPage.yaml
2025-12-03 23:56:12 INFO  com.customized.serenity.configs.YamlLocatorReader - Resolved locator [btnLogin -> android] = //android.widget.Button[@content-desc='login']
2025-12-03 23:56:12 INFO  com.customized.serenity.configs.YamlLocatorReader - Resolved locator [btnLogin -> android] = //android.widget.Button[@content-desc='login']
2025-12-03 23:56:17 ERROR com.customized.serenity.commons.actions.ClickActions - ERROR: '//android.widget.Button[@content-desc='login']' - DETAILS: Expected enabled element was not enabled
net.thucydides.core.webdriver.exceptions.ElementShouldBeEnabledException: Expected enabled element was not enabled
	at net.serenitybdd.core.pages.WebElementFacadeImpl.waitUntilClickable(WebElementFacadeImpl.java:1151) ~[serenity-core-4.2.16.jar:?]
	at com.customized.serenity.commons.actions.ClickActions.clickToElement(ClickActions.java:19) ~[test-classes/:?]
	at com.customized.serenity.commons.StepActions.clickToElement(StepActions.java:20) ~[test-classes/:?]
	at com.customized.serenity.commons.StepActions$ByteBuddy$uMEwsA2w.clickToElement$accessor$yUpau4tA(Unknown Source) ~[test-classes/:?]
	at jdk.internal.reflect.NativeMethodAccessorImpl.invoke0(Native Method) ~[?:?]
	at jdk.internal.reflect.NativeMethodAccessorImpl.invoke(NativeMethodAccessorImpl.java:77) ~[?:?]
	at jdk.internal.reflect.DelegatingMethodAccessorImpl.invoke(DelegatingMethodAccessorImpl.java:43) ~[?:?]
	at java.lang.reflect.Method.invoke(Method.java:568) ~[?:?]
	at net.thucydides.core.steps.StepInterceptor.invokeMethod(StepInterceptor.java:524) ~[serenity-core-4.2.16.jar:?]
	at net.thucydides.core.steps.StepInterceptor.executeTestStepMethod(StepInterceptor.java:504) ~[serenity-core-4.2.16.jar:?]
	at net.thucydides.core.steps.StepInterceptor.runTestStep(StepInterceptor.java:476) ~[serenity-core-4.2.16.jar:?]
	at net.thucydides.core.steps.StepInterceptor.runOrSkipMethod(StepInterceptor.java:218) ~[serenity-core-4.2.16.jar:?]
	at net.thucydides.core.steps.StepInterceptor.testStepResult(StepInterceptor.java:205) ~[serenity-core-4.2.16.jar:?]
	at net.thucydides.core.steps.StepInterceptor.intercept(StepInterceptor.java:93) ~[serenity-core-4.2.16.jar:?]
	at net.thucydides.core.steps.ProxyConfiguration$InterceptorDispatcher.intercept(ProxyConfiguration.java:51) ~[serenity-core-4.2.16.jar:?]
	at com.customized.serenity.commons.StepActions$ByteBuddy$uMEwsA2w.clickToElement(Unknown Source) ~[test-classes/:?]
	at com.customized.serenity.commons.StepDefinitions.clickToElement(StepDefinitions.java:14) ~[test-classes/:?]
	at jdk.internal.reflect.NativeMethodAccessorImpl.invoke0(Native Method) ~[?:?]
	at jdk.internal.reflect.NativeMethodAccessorImpl.invoke(NativeMethodAccessorImpl.java:77) ~[?:?]
	at jdk.internal.reflect.DelegatingMethodAccessorImpl.invoke(DelegatingMethodAccessorImpl.java:43) ~[?:?]
	at java.lang.reflect.Method.invoke(Method.java:568) ~[?:?]
	at io.cucumber.java.Invoker.doInvoke(Invoker.java:66) ~[cucumber-java-7.21.1.jar:7.21.1]
	at io.cucumber.java.Invoker.invoke(Invoker.java:24) ~[cucumber-java-7.21.1.jar:7.21.1]
	at io.cucumber.java.AbstractGlueDefinition.invokeMethod(AbstractGlueDefinition.java:47) ~[cucumber-java-7.21.1.jar:7.21.1]
	at io.cucumber.java.JavaStepDefinition.execute(JavaStepDefinition.java:29) ~[cucumber-java-7.21.1.jar:7.21.1]
	at io.cucumber.core.runner.CoreStepDefinition.execute(CoreStepDefinition.java:66) ~[cucumber-core-7.21.1.jar:7.21.1]
	at io.cucumber.core.runner.PickleStepDefinitionMatch.runStep(PickleStepDefinitionMatch.java:62) ~[cucumber-core-7.21.1.jar:7.21.1]
	at io.cucumber.core.runner.ExecutionMode$1.execute(ExecutionMode.java:10) ~[cucumber-core-7.21.1.jar:7.21.1]
	at io.cucumber.core.runner.TestStep.executeStep(TestStep.java:81) ~[cucumber-core-7.21.1.jar:7.21.1]
	at io.cucumber.core.runner.TestStep.run(TestStep.java:53) ~[cucumber-core-7.21.1.jar:7.21.1]
	at io.cucumber.core.runner.PickleStepTestStep.run(PickleStepTestStep.java:51) ~[cucumber-core-7.21.1.jar:7.21.1]
	at io.cucumber.core.runner.TestCase.run(TestCase.java:84) ~[cucumber-core-7.21.1.jar:7.21.1]
	at io.cucumber.core.runner.Runner.runPickle(Runner.java:75) ~[cucumber-core-7.21.1.jar:7.21.1]
	at io.cucumber.junit.PickleRunners$NoStepDescriptions.lambda$run$0(PickleRunners.java:151) ~[cucumber-junit-7.21.1.jar:?]
	at io.cucumber.core.runtime.CucumberExecutionContext.lambda$runTestCase$5(CucumberExecutionContext.java:136) ~[cucumber-core-7.21.1.jar:7.21.1]
	at io.cucumber.core.runtime.RethrowingThrowableCollector.executeAndThrow(RethrowingThrowableCollector.java:23) [cucumber-core-7.21.1.jar:7.21.1]
	at io.cucumber.core.runtime.CucumberExecutionContext.runTestCase(CucumberExecutionContext.java:136) [cucumber-core-7.21.1.jar:7.21.1]
	at io.cucumber.junit.PickleRunners$NoStepDescriptions.run(PickleRunners.java:148) [cucumber-junit-7.21.1.jar:?]
	at io.cucumber.junit.FeatureRunner.runChild(FeatureRunner.java:144) [cucumber-junit-7.21.1.jar:?]
	at io.cucumber.junit.FeatureRunner.runChild(FeatureRunner.java:28) [cucumber-junit-7.21.1.jar:?]
	at org.junit.runners.ParentRunner$4.run(ParentRunner.java:331) [junit-4.13.2.jar:4.13.2]
	at org.junit.runners.ParentRunner$1.schedule(ParentRunner.java:79) [junit-4.13.2.jar:4.13.2]
	at org.junit.runners.ParentRunner.runChildren(ParentRunner.java:329) [junit-4.13.2.jar:4.13.2]
	at org.junit.runners.ParentRunner.access$100(ParentRunner.java:66) [junit-4.13.2.jar:4.13.2]
	at org.junit.runners.ParentRunner$2.evaluate(ParentRunner.java:293) [junit-4.13.2.jar:4.13.2]
	at org.junit.runners.ParentRunner$3.evaluate(ParentRunner.java:306) [junit-4.13.2.jar:4.13.2]
	at org.junit.runners.ParentRunner.run(ParentRunner.java:413) [junit-4.13.2.jar:4.13.2]
	at io.cucumber.junit.FeatureRunner.run(FeatureRunner.java:137) [cucumber-junit-7.21.1.jar:?]
	at io.cucumber.junit.CucumberSerenityBaseRunner.runChild(CucumberSerenityBaseRunner.java:332) [serenity-cucumber-4.2.16.jar:?]
	at io.cucumber.junit.CucumberSerenityBaseRunner.runChild(CucumberSerenityBaseRunner.java:53) [serenity-cucumber-4.2.16.jar:?]
	at org.junit.runners.ParentRunner$4.run(ParentRunner.java:331) [junit-4.13.2.jar:4.13.2]
	at org.junit.runners.ParentRunner$1.schedule(ParentRunner.java:79) [junit-4.13.2.jar:4.13.2]
	at org.junit.runners.ParentRunner.runChildren(ParentRunner.java:329) [junit-4.13.2.jar:4.13.2]
	at org.junit.runners.ParentRunner.access$100(ParentRunner.java:66) [junit-4.13.2.jar:4.13.2]
	at org.junit.runners.ParentRunner$2.evaluate(ParentRunner.java:293) [junit-4.13.2.jar:4.13.2]
	at io.cucumber.junit.CucumberSerenityBaseRunner$RunCucumber.evaluate(CucumberSerenityBaseRunner.java:363) [serenity-cucumber-4.2.16.jar:?]
	at org.junit.runners.ParentRunner$3.evaluate(ParentRunner.java:306) [junit-4.13.2.jar:4.13.2]
	at org.junit.runners.ParentRunner.run(ParentRunner.java:413) [junit-4.13.2.jar:4.13.2]
	at org.apache.maven.surefire.junit4.JUnit4Provider.execute(JUnit4Provider.java:364) [surefire-junit4-3.0.0-M5.jar:3.0.0-M5]
	at org.apache.maven.surefire.junit4.JUnit4Provider.executeWithRerun(JUnit4Provider.java:272) [surefire-junit4-3.0.0-M5.jar:3.0.0-M5]
	at org.apache.maven.surefire.junit4.JUnit4Provider.executeTestSet(JUnit4Provider.java:237) [surefire-junit4-3.0.0-M5.jar:3.0.0-M5]
	at org.apache.maven.surefire.junit4.JUnit4Provider.invoke(JUnit4Provider.java:158) [surefire-junit4-3.0.0-M5.jar:3.0.0-M5]
	at org.apache.maven.surefire.booter.ForkedBooter.runSuitesInProcess(ForkedBooter.java:428) [surefire-booter-3.0.0-M5.jar:3.0.0-M5]
	at org.apache.maven.surefire.booter.ForkedBooter.execute(ForkedBooter.java:162) [surefire-booter-3.0.0-M5.jar:3.0.0-M5]
	at org.apache.maven.surefire.booter.ForkedBooter.run(ForkedBooter.java:562) [surefire-booter-3.0.0-M5.jar:3.0.0-M5]
	at org.apache.maven.surefire.booter.ForkedBooter.main(ForkedBooter.java:548) [surefire-booter-3.0.0-M5.jar:3.0.0-M5]
Caused by: org.openqa.selenium.TimeoutException: Expected condition failed: waiting for By.xpath: //android.widget.Button[@content-desc='login'] to be clickable (tried for 5 second(s) with 100 milliseconds interval)
Build info: version: '4.17.0', revision: 'e52b1be057*'
System info: os.name: 'Windows 11', os.arch: 'amd64', os.version: '10.0', java.version: '17.0.12'
Driver info: driver.version: unknown
	at org.openqa.selenium.support.ui.FluentWait.timeoutException(FluentWait.java:265) ~[selenium-support-4.17.0.jar:?]
	at org.openqa.selenium.support.ui.FluentWait.until(FluentWait.java:228) ~[selenium-support-4.17.0.jar:?]
	at net.serenitybdd.core.pages.WebElementFacadeImpl.waitUntilClickable(WebElementFacadeImpl.java:1148) ~[serenity-core-4.2.16.jar:?]
	... 65 more
2025-12-03 23:56:17 ERROR  - 
  _____   ___   ___   _____     ___     _     ___   _      ___   ___  
 |_   _| | __| / __| |_   _|   | __|   /_\   |_ _| | |    | __| |   \ 
   | |   | _|  \__ \   | |     | _|   / _ \   | |  | |__  | _|  | |) |
   |_|   |___| |___/   |_|     |_|   /_/ \_\ |___| |____| |___| |___/ 

Login - user login success
-----------------------------------------------------------------------
2025-12-03 23:56:18 ERROR  -     Test failed at step: click to element //android.widget.Button[@content-desc='login']
2025-12-03 23:56:18 ERROR  -     Expected enabled element was not enabled
2025-12-03 23:57:25 INFO   - 

-------------------------------------------------------------------------------------
     _______. _______ .______       _______ .__   __.  __  .___________.____    ____ 
    /       ||   ____||   _  \     |   ____||  \ |  | |  | |           |\   \  /   / 
   |   (----`|  |__   |  |_)  |    |  |__   |   \|  | |  | `---|  |----` \   \/   /  
    \   \    |   __|  |      /     |   __|  |  . `  | |  |     |  |       \_    _/   
.----)   |   |  |____ |  |\  \----.|  |____ |  |\   | |  |     |  |         |  |     
|_______/    |_______|| _| `._____||_______||__| \__| |__|     |__|         |__|    
                                                                                     
 News and tutorials at https://serenity-bdd.info                                     
 Documentation at https://serenity-bdd.github.io                                     
 Test Automation Training and Coaching: https://www.serenity-dojo.com                
 Commercial Support: https://www.serenity-dojo.com/serenity-bdd-enterprise-support   
 Join the Serenity Community on Gitter: https://gitter.im/serenity-bdd/serenity-core 
-------------------------------------------------------------------------------------

2025-12-03 23:57:25 INFO   - Test Suite Started: Login
2025-12-03 23:57:25 INFO   - Test Suite Started: Login
2025-12-03 23:57:26 INFO   - 
  _____   ___   ___   _____     ___   _____     _     ___   _____   ___   ___  
 |_   _| | __| / __| |_   _|   / __| |_   _|   /_\   | _ \ |_   _| | __| |   \ 
   | |   | _|  \__ \   | |     \__ \   | |    / _ \  |   /   | |   | _|  | |) |
   |_|   |___| |___/   |_|     |___/   |_|   /_/ \_\ |_|_\   |_|   |___| |___/ 

Login - user login success(login;login---user-login-success)
--------------------------------------------------------------------------------
2025-12-03 23:57:26 INFO  com.customized.serenity.configs.YamlLocatorReader - Loaded YAML file: loginPage.yaml
2025-12-03 23:57:26 INFO  com.customized.serenity.configs.YamlLocatorReader - Resolved locator [btnLogin -> android] = //android.widget.Button[@content-desc='login']
2025-12-03 23:57:31 ERROR com.customized.serenity.commons.actions.ClickActions - ERROR: '//android.widget.Button[@content-desc='login']' - DETAILS: Expected enabled element was not enabled
net.thucydides.core.webdriver.exceptions.ElementShouldBeEnabledException: Expected enabled element was not enabled
	at net.serenitybdd.core.pages.WebElementFacadeImpl.waitUntilClickable(WebElementFacadeImpl.java:1151) ~[serenity-core-4.2.16.jar:?]
	at com.customized.serenity.commons.actions.ClickActions.clickToElement(ClickActions.java:19) ~[test-classes/:?]
	at com.customized.serenity.commons.StepActions.clickToElement(StepActions.java:20) ~[test-classes/:?]
	at com.customized.serenity.commons.StepActions$ByteBuddy$CYUG4A2v.clickToElement$accessor$cxVNwJRx(Unknown Source) ~[test-classes/:?]
	at jdk.internal.reflect.NativeMethodAccessorImpl.invoke0(Native Method) ~[?:?]
	at jdk.internal.reflect.NativeMethodAccessorImpl.invoke(NativeMethodAccessorImpl.java:77) ~[?:?]
	at jdk.internal.reflect.DelegatingMethodAccessorImpl.invoke(DelegatingMethodAccessorImpl.java:43) ~[?:?]
	at java.lang.reflect.Method.invoke(Method.java:568) ~[?:?]
	at net.thucydides.core.steps.StepInterceptor.invokeMethod(StepInterceptor.java:524) ~[serenity-core-4.2.16.jar:?]
	at net.thucydides.core.steps.StepInterceptor.executeTestStepMethod(StepInterceptor.java:504) ~[serenity-core-4.2.16.jar:?]
	at net.thucydides.core.steps.StepInterceptor.runTestStep(StepInterceptor.java:476) ~[serenity-core-4.2.16.jar:?]
	at net.thucydides.core.steps.StepInterceptor.runOrSkipMethod(StepInterceptor.java:218) ~[serenity-core-4.2.16.jar:?]
	at net.thucydides.core.steps.StepInterceptor.testStepResult(StepInterceptor.java:205) ~[serenity-core-4.2.16.jar:?]
	at net.thucydides.core.steps.StepInterceptor.intercept(StepInterceptor.java:93) ~[serenity-core-4.2.16.jar:?]
	at net.thucydides.core.steps.ProxyConfiguration$InterceptorDispatcher.intercept(ProxyConfiguration.java:51) ~[serenity-core-4.2.16.jar:?]
	at com.customized.serenity.commons.StepActions$ByteBuddy$CYUG4A2v.clickToElement(Unknown Source) ~[test-classes/:?]
	at com.customized.serenity.commons.StepDefinitions.clickToElement(StepDefinitions.java:14) ~[test-classes/:?]
	at jdk.internal.reflect.NativeMethodAccessorImpl.invoke0(Native Method) ~[?:?]
	at jdk.internal.reflect.NativeMethodAccessorImpl.invoke(NativeMethodAccessorImpl.java:77) ~[?:?]
	at jdk.internal.reflect.DelegatingMethodAccessorImpl.invoke(DelegatingMethodAccessorImpl.java:43) ~[?:?]
	at java.lang.reflect.Method.invoke(Method.java:568) ~[?:?]
	at io.cucumber.java.Invoker.doInvoke(Invoker.java:66) ~[cucumber-java-7.21.1.jar:7.21.1]
	at io.cucumber.java.Invoker.invoke(Invoker.java:24) ~[cucumber-java-7.21.1.jar:7.21.1]
	at io.cucumber.java.AbstractGlueDefinition.invokeMethod(AbstractGlueDefinition.java:47) ~[cucumber-java-7.21.1.jar:7.21.1]
	at io.cucumber.java.JavaStepDefinition.execute(JavaStepDefinition.java:29) ~[cucumber-java-7.21.1.jar:7.21.1]
	at io.cucumber.core.runner.CoreStepDefinition.execute(CoreStepDefinition.java:66) ~[cucumber-core-7.21.1.jar:7.21.1]
	at io.cucumber.core.runner.PickleStepDefinitionMatch.runStep(PickleStepDefinitionMatch.java:62) ~[cucumber-core-7.21.1.jar:7.21.1]
	at io.cucumber.core.runner.ExecutionMode$1.execute(ExecutionMode.java:10) ~[cucumber-core-7.21.1.jar:7.21.1]
	at io.cucumber.core.runner.TestStep.executeStep(TestStep.java:81) ~[cucumber-core-7.21.1.jar:7.21.1]
	at io.cucumber.core.runner.TestStep.run(TestStep.java:53) ~[cucumber-core-7.21.1.jar:7.21.1]
	at io.cucumber.core.runner.PickleStepTestStep.run(PickleStepTestStep.java:51) ~[cucumber-core-7.21.1.jar:7.21.1]
	at io.cucumber.core.runner.TestCase.run(TestCase.java:84) ~[cucumber-core-7.21.1.jar:7.21.1]
	at io.cucumber.core.runner.Runner.runPickle(Runner.java:75) ~[cucumber-core-7.21.1.jar:7.21.1]
	at io.cucumber.junit.PickleRunners$NoStepDescriptions.lambda$run$0(PickleRunners.java:151) ~[cucumber-junit-7.21.1.jar:?]
	at io.cucumber.core.runtime.CucumberExecutionContext.lambda$runTestCase$5(CucumberExecutionContext.java:136) ~[cucumber-core-7.21.1.jar:7.21.1]
	at io.cucumber.core.runtime.RethrowingThrowableCollector.executeAndThrow(RethrowingThrowableCollector.java:23) [cucumber-core-7.21.1.jar:7.21.1]
	at io.cucumber.core.runtime.CucumberExecutionContext.runTestCase(CucumberExecutionContext.java:136) [cucumber-core-7.21.1.jar:7.21.1]
	at io.cucumber.junit.PickleRunners$NoStepDescriptions.run(PickleRunners.java:148) [cucumber-junit-7.21.1.jar:?]
	at io.cucumber.junit.FeatureRunner.runChild(FeatureRunner.java:144) [cucumber-junit-7.21.1.jar:?]
	at io.cucumber.junit.FeatureRunner.runChild(FeatureRunner.java:28) [cucumber-junit-7.21.1.jar:?]
	at org.junit.runners.ParentRunner$4.run(ParentRunner.java:331) [junit-4.13.2.jar:4.13.2]
	at org.junit.runners.ParentRunner$1.schedule(ParentRunner.java:79) [junit-4.13.2.jar:4.13.2]
	at org.junit.runners.ParentRunner.runChildren(ParentRunner.java:329) [junit-4.13.2.jar:4.13.2]
	at org.junit.runners.ParentRunner.access$100(ParentRunner.java:66) [junit-4.13.2.jar:4.13.2]
	at org.junit.runners.ParentRunner$2.evaluate(ParentRunner.java:293) [junit-4.13.2.jar:4.13.2]
	at org.junit.runners.ParentRunner$3.evaluate(ParentRunner.java:306) [junit-4.13.2.jar:4.13.2]
	at org.junit.runners.ParentRunner.run(ParentRunner.java:413) [junit-4.13.2.jar:4.13.2]
	at io.cucumber.junit.FeatureRunner.run(FeatureRunner.java:137) [cucumber-junit-7.21.1.jar:?]
	at io.cucumber.junit.CucumberSerenityBaseRunner.runChild(CucumberSerenityBaseRunner.java:332) [serenity-cucumber-4.2.16.jar:?]
	at io.cucumber.junit.CucumberSerenityBaseRunner.runChild(CucumberSerenityBaseRunner.java:53) [serenity-cucumber-4.2.16.jar:?]
	at org.junit.runners.ParentRunner$4.run(ParentRunner.java:331) [junit-4.13.2.jar:4.13.2]
	at org.junit.runners.ParentRunner$1.schedule(ParentRunner.java:79) [junit-4.13.2.jar:4.13.2]
	at org.junit.runners.ParentRunner.runChildren(ParentRunner.java:329) [junit-4.13.2.jar:4.13.2]
	at org.junit.runners.ParentRunner.access$100(ParentRunner.java:66) [junit-4.13.2.jar:4.13.2]
	at org.junit.runners.ParentRunner$2.evaluate(ParentRunner.java:293) [junit-4.13.2.jar:4.13.2]
	at io.cucumber.junit.CucumberSerenityBaseRunner$RunCucumber.evaluate(CucumberSerenityBaseRunner.java:363) [serenity-cucumber-4.2.16.jar:?]
	at org.junit.runners.ParentRunner$3.evaluate(ParentRunner.java:306) [junit-4.13.2.jar:4.13.2]
	at org.junit.runners.ParentRunner.run(ParentRunner.java:413) [junit-4.13.2.jar:4.13.2]
	at org.apache.maven.surefire.junit4.JUnit4Provider.execute(JUnit4Provider.java:364) [surefire-junit4-3.0.0-M5.jar:3.0.0-M5]
	at org.apache.maven.surefire.junit4.JUnit4Provider.executeWithRerun(JUnit4Provider.java:272) [surefire-junit4-3.0.0-M5.jar:3.0.0-M5]
	at org.apache.maven.surefire.junit4.JUnit4Provider.executeTestSet(JUnit4Provider.java:237) [surefire-junit4-3.0.0-M5.jar:3.0.0-M5]
	at org.apache.maven.surefire.junit4.JUnit4Provider.invoke(JUnit4Provider.java:158) [surefire-junit4-3.0.0-M5.jar:3.0.0-M5]
	at org.apache.maven.surefire.booter.ForkedBooter.runSuitesInProcess(ForkedBooter.java:428) [surefire-booter-3.0.0-M5.jar:3.0.0-M5]
	at org.apache.maven.surefire.booter.ForkedBooter.execute(ForkedBooter.java:162) [surefire-booter-3.0.0-M5.jar:3.0.0-M5]
	at org.apache.maven.surefire.booter.ForkedBooter.run(ForkedBooter.java:562) [surefire-booter-3.0.0-M5.jar:3.0.0-M5]
	at org.apache.maven.surefire.booter.ForkedBooter.main(ForkedBooter.java:548) [surefire-booter-3.0.0-M5.jar:3.0.0-M5]
Caused by: org.openqa.selenium.TimeoutException: Expected condition failed: waiting for By.xpath: //android.widget.Button[@content-desc='login'] to be clickable (tried for 5 second(s) with 100 milliseconds interval)
Build info: version: '4.17.0', revision: 'e52b1be057*'
System info: os.name: 'Windows 11', os.arch: 'amd64', os.version: '10.0', java.version: '17.0.12'
Driver info: driver.version: unknown
	at org.openqa.selenium.support.ui.FluentWait.timeoutException(FluentWait.java:265) ~[selenium-support-4.17.0.jar:?]
	at org.openqa.selenium.support.ui.FluentWait.until(FluentWait.java:228) ~[selenium-support-4.17.0.jar:?]
	at net.serenitybdd.core.pages.WebElementFacadeImpl.waitUntilClickable(WebElementFacadeImpl.java:1148) ~[serenity-core-4.2.16.jar:?]
	... 65 more
2025-12-03 23:57:31 ERROR  - 
  _____   ___   ___   _____     ___     _     ___   _      ___   ___  
 |_   _| | __| / __| |_   _|   | __|   /_\   |_ _| | |    | __| |   \ 
   | |   | _|  \__ \   | |     | _|   / _ \   | |  | |__  | _|  | |) |
   |_|   |___| |___/   |_|     |_|   /_/ \_\ |___| |____| |___| |___/ 

Login - user login success
-----------------------------------------------------------------------
2025-12-03 23:57:31 ERROR  -     Test failed at step: click to element //android.widget.Button[@content-desc='login']
2025-12-03 23:57:31 ERROR  -     Expected enabled element was not enabled
2025-12-03 23:58:42 INFO   - 

-------------------------------------------------------------------------------------
     _______. _______ .______       _______ .__   __.  __  .___________.____    ____ 
    /       ||   ____||   _  \     |   ____||  \ |  | |  | |           |\   \  /   / 
   |   (----`|  |__   |  |_)  |    |  |__   |   \|  | |  | `---|  |----` \   \/   /  
    \   \    |   __|  |      /     |   __|  |  . `  | |  |     |  |       \_    _/   
.----)   |   |  |____ |  |\  \----.|  |____ |  |\   | |  |     |  |         |  |     
|_______/    |_______|| _| `._____||_______||__| \__| |__|     |__|         |__|    
                                                                                     
 News and tutorials at https://serenity-bdd.info                                     
 Documentation at https://serenity-bdd.github.io                                     
 Test Automation Training and Coaching: https://www.serenity-dojo.com                
 Commercial Support: https://www.serenity-dojo.com/serenity-bdd-enterprise-support   
 Join the Serenity Community on Gitter: https://gitter.im/serenity-bdd/serenity-core 
-------------------------------------------------------------------------------------

2025-12-03 23:58:42 INFO   - Test Suite Started: Login
2025-12-03 23:58:43 INFO   - Test Suite Started: Login
2025-12-03 23:58:43 INFO   - 
  _____   ___   ___   _____     ___   _____     _     ___   _____   ___   ___  
 |_   _| | __| / __| |_   _|   / __| |_   _|   /_\   | _ \ |_   _| | __| |   \ 
   | |   | _|  \__ \   | |     \__ \   | |    / _ \  |   /   | |   | _|  | |) |
   |_|   |___| |___/   |_|     |___/   |_|   /_/ \_\ |_|_\   |_|   |___| |___/ 

Login - user login success(login;login---user-login-success)
--------------------------------------------------------------------------------
2025-12-03 23:58:49 ERROR com.customized.serenity.commons.actions.ClickActions - ERROR: '//android.widget.Button[@content-desc='login']' - DETAILS: Expected enabled element was not enabled
net.thucydides.core.webdriver.exceptions.ElementShouldBeEnabledException: Expected enabled element was not enabled
	at net.serenitybdd.core.pages.WebElementFacadeImpl.waitUntilClickable(WebElementFacadeImpl.java:1151) ~[serenity-core-4.2.16.jar:?]
	at com.customized.serenity.commons.actions.ClickActions.clickToElement(ClickActions.java:19) ~[test-classes/:?]
	at com.customized.serenity.commons.StepActions.clickToElement(StepActions.java:20) ~[test-classes/:?]
	at com.customized.serenity.commons.StepActions$ByteBuddy$Xo7P8aT0.clickToElement$accessor$hTaObZsI(Unknown Source) ~[test-classes/:?]
	at jdk.internal.reflect.NativeMethodAccessorImpl.invoke0(Native Method) ~[?:?]
	at jdk.internal.reflect.NativeMethodAccessorImpl.invoke(NativeMethodAccessorImpl.java:77) ~[?:?]
	at jdk.internal.reflect.DelegatingMethodAccessorImpl.invoke(DelegatingMethodAccessorImpl.java:43) ~[?:?]
	at java.lang.reflect.Method.invoke(Method.java:568) ~[?:?]
	at net.thucydides.core.steps.StepInterceptor.invokeMethod(StepInterceptor.java:524) ~[serenity-core-4.2.16.jar:?]
	at net.thucydides.core.steps.StepInterceptor.executeTestStepMethod(StepInterceptor.java:504) ~[serenity-core-4.2.16.jar:?]
	at net.thucydides.core.steps.StepInterceptor.runTestStep(StepInterceptor.java:476) ~[serenity-core-4.2.16.jar:?]
	at net.thucydides.core.steps.StepInterceptor.runOrSkipMethod(StepInterceptor.java:218) ~[serenity-core-4.2.16.jar:?]
	at net.thucydides.core.steps.StepInterceptor.testStepResult(StepInterceptor.java:205) ~[serenity-core-4.2.16.jar:?]
	at net.thucydides.core.steps.StepInterceptor.intercept(StepInterceptor.java:93) ~[serenity-core-4.2.16.jar:?]
	at net.thucydides.core.steps.ProxyConfiguration$InterceptorDispatcher.intercept(ProxyConfiguration.java:51) ~[serenity-core-4.2.16.jar:?]
	at com.customized.serenity.commons.StepActions$ByteBuddy$Xo7P8aT0.clickToElement(Unknown Source) ~[test-classes/:?]
	at com.customized.serenity.commons.StepDefinitions.clickToElement(StepDefinitions.java:14) ~[test-classes/:?]
	at jdk.internal.reflect.NativeMethodAccessorImpl.invoke0(Native Method) ~[?:?]
	at jdk.internal.reflect.NativeMethodAccessorImpl.invoke(NativeMethodAccessorImpl.java:77) ~[?:?]
	at jdk.internal.reflect.DelegatingMethodAccessorImpl.invoke(DelegatingMethodAccessorImpl.java:43) ~[?:?]
	at java.lang.reflect.Method.invoke(Method.java:568) ~[?:?]
	at io.cucumber.java.Invoker.doInvoke(Invoker.java:66) ~[cucumber-java-7.21.1.jar:7.21.1]
	at io.cucumber.java.Invoker.invoke(Invoker.java:24) ~[cucumber-java-7.21.1.jar:7.21.1]
	at io.cucumber.java.AbstractGlueDefinition.invokeMethod(AbstractGlueDefinition.java:47) ~[cucumber-java-7.21.1.jar:7.21.1]
	at io.cucumber.java.JavaStepDefinition.execute(JavaStepDefinition.java:29) ~[cucumber-java-7.21.1.jar:7.21.1]
	at io.cucumber.core.runner.CoreStepDefinition.execute(CoreStepDefinition.java:66) ~[cucumber-core-7.21.1.jar:7.21.1]
	at io.cucumber.core.runner.PickleStepDefinitionMatch.runStep(PickleStepDefinitionMatch.java:62) ~[cucumber-core-7.21.1.jar:7.21.1]
	at io.cucumber.core.runner.ExecutionMode$1.execute(ExecutionMode.java:10) ~[cucumber-core-7.21.1.jar:7.21.1]
	at io.cucumber.core.runner.TestStep.executeStep(TestStep.java:81) ~[cucumber-core-7.21.1.jar:7.21.1]
	at io.cucumber.core.runner.TestStep.run(TestStep.java:53) ~[cucumber-core-7.21.1.jar:7.21.1]
	at io.cucumber.core.runner.PickleStepTestStep.run(PickleStepTestStep.java:51) ~[cucumber-core-7.21.1.jar:7.21.1]
	at io.cucumber.core.runner.TestCase.run(TestCase.java:84) ~[cucumber-core-7.21.1.jar:7.21.1]
	at io.cucumber.core.runner.Runner.runPickle(Runner.java:75) ~[cucumber-core-7.21.1.jar:7.21.1]
	at io.cucumber.junit.PickleRunners$NoStepDescriptions.lambda$run$0(PickleRunners.java:151) ~[cucumber-junit-7.21.1.jar:?]
	at io.cucumber.core.runtime.CucumberExecutionContext.lambda$runTestCase$5(CucumberExecutionContext.java:136) ~[cucumber-core-7.21.1.jar:7.21.1]
	at io.cucumber.core.runtime.RethrowingThrowableCollector.executeAndThrow(RethrowingThrowableCollector.java:23) [cucumber-core-7.21.1.jar:7.21.1]
	at io.cucumber.core.runtime.CucumberExecutionContext.runTestCase(CucumberExecutionContext.java:136) [cucumber-core-7.21.1.jar:7.21.1]
	at io.cucumber.junit.PickleRunners$NoStepDescriptions.run(PickleRunners.java:148) [cucumber-junit-7.21.1.jar:?]
	at io.cucumber.junit.FeatureRunner.runChild(FeatureRunner.java:144) [cucumber-junit-7.21.1.jar:?]
	at io.cucumber.junit.FeatureRunner.runChild(FeatureRunner.java:28) [cucumber-junit-7.21.1.jar:?]
	at org.junit.runners.ParentRunner$4.run(ParentRunner.java:331) [junit-4.13.2.jar:4.13.2]
	at org.junit.runners.ParentRunner$1.schedule(ParentRunner.java:79) [junit-4.13.2.jar:4.13.2]
	at org.junit.runners.ParentRunner.runChildren(ParentRunner.java:329) [junit-4.13.2.jar:4.13.2]
	at org.junit.runners.ParentRunner.access$100(ParentRunner.java:66) [junit-4.13.2.jar:4.13.2]
	at org.junit.runners.ParentRunner$2.evaluate(ParentRunner.java:293) [junit-4.13.2.jar:4.13.2]
	at org.junit.runners.ParentRunner$3.evaluate(ParentRunner.java:306) [junit-4.13.2.jar:4.13.2]
	at org.junit.runners.ParentRunner.run(ParentRunner.java:413) [junit-4.13.2.jar:4.13.2]
	at io.cucumber.junit.FeatureRunner.run(FeatureRunner.java:137) [cucumber-junit-7.21.1.jar:?]
	at io.cucumber.junit.CucumberSerenityBaseRunner.runChild(CucumberSerenityBaseRunner.java:332) [serenity-cucumber-4.2.16.jar:?]
	at io.cucumber.junit.CucumberSerenityBaseRunner.runChild(CucumberSerenityBaseRunner.java:53) [serenity-cucumber-4.2.16.jar:?]
	at org.junit.runners.ParentRunner$4.run(ParentRunner.java:331) [junit-4.13.2.jar:4.13.2]
	at org.junit.runners.ParentRunner$1.schedule(ParentRunner.java:79) [junit-4.13.2.jar:4.13.2]
	at org.junit.runners.ParentRunner.runChildren(ParentRunner.java:329) [junit-4.13.2.jar:4.13.2]
	at org.junit.runners.ParentRunner.access$100(ParentRunner.java:66) [junit-4.13.2.jar:4.13.2]
	at org.junit.runners.ParentRunner$2.evaluate(ParentRunner.java:293) [junit-4.13.2.jar:4.13.2]
	at io.cucumber.junit.CucumberSerenityBaseRunner$RunCucumber.evaluate(CucumberSerenityBaseRunner.java:363) [serenity-cucumber-4.2.16.jar:?]
	at org.junit.runners.ParentRunner$3.evaluate(ParentRunner.java:306) [junit-4.13.2.jar:4.13.2]
	at org.junit.runners.ParentRunner.run(ParentRunner.java:413) [junit-4.13.2.jar:4.13.2]
	at org.apache.maven.surefire.junit4.JUnit4Provider.execute(JUnit4Provider.java:364) [surefire-junit4-3.0.0-M5.jar:3.0.0-M5]
	at org.apache.maven.surefire.junit4.JUnit4Provider.executeWithRerun(JUnit4Provider.java:272) [surefire-junit4-3.0.0-M5.jar:3.0.0-M5]
	at org.apache.maven.surefire.junit4.JUnit4Provider.executeTestSet(JUnit4Provider.java:237) [surefire-junit4-3.0.0-M5.jar:3.0.0-M5]
	at org.apache.maven.surefire.junit4.JUnit4Provider.invoke(JUnit4Provider.java:158) [surefire-junit4-3.0.0-M5.jar:3.0.0-M5]
	at org.apache.maven.surefire.booter.ForkedBooter.runSuitesInProcess(ForkedBooter.java:428) [surefire-booter-3.0.0-M5.jar:3.0.0-M5]
	at org.apache.maven.surefire.booter.ForkedBooter.execute(ForkedBooter.java:162) [surefire-booter-3.0.0-M5.jar:3.0.0-M5]
	at org.apache.maven.surefire.booter.ForkedBooter.run(ForkedBooter.java:562) [surefire-booter-3.0.0-M5.jar:3.0.0-M5]
	at org.apache.maven.surefire.booter.ForkedBooter.main(ForkedBooter.java:548) [surefire-booter-3.0.0-M5.jar:3.0.0-M5]
Caused by: org.openqa.selenium.TimeoutException: Expected condition failed: waiting for By.xpath: //android.widget.Button[@content-desc='login'] to be clickable (tried for 5 second(s) with 100 milliseconds interval)
Build info: version: '4.17.0', revision: 'e52b1be057*'
System info: os.name: 'Windows 11', os.arch: 'amd64', os.version: '10.0', java.version: '17.0.12'
Driver info: driver.version: unknown
	at org.openqa.selenium.support.ui.FluentWait.timeoutException(FluentWait.java:265) ~[selenium-support-4.17.0.jar:?]
	at org.openqa.selenium.support.ui.FluentWait.until(FluentWait.java:228) ~[selenium-support-4.17.0.jar:?]
	at net.serenitybdd.core.pages.WebElementFacadeImpl.waitUntilClickable(WebElementFacadeImpl.java:1148) ~[serenity-core-4.2.16.jar:?]
	... 65 more
2025-12-03 23:58:49 ERROR  - 
  _____   ___   ___   _____     ___     _     ___   _      ___   ___  
 |_   _| | __| / __| |_   _|   | __|   /_\   |_ _| | |    | __| |   \ 
   | |   | _|  \__ \   | |     | _|   / _ \   | |  | |__  | _|  | |) |
   |_|   |___| |___/   |_|     |_|   /_/ \_\ |___| |____| |___| |___/ 

Login - user login success
-----------------------------------------------------------------------
2025-12-03 23:58:49 ERROR  -     Test failed at step: click to element //android.widget.Button[@content-desc='login']
2025-12-03 23:58:49 ERROR  -     Expected enabled element was not enabled
2025-12-04 00:14:52 INFO   - 

-------------------------------------------------------------------------------------
     _______. _______ .______       _______ .__   __.  __  .___________.____    ____ 
    /       ||   ____||   _  \     |   ____||  \ |  | |  | |           |\   \  /   / 
   |   (----`|  |__   |  |_)  |    |  |__   |   \|  | |  | `---|  |----` \   \/   /  
    \   \    |   __|  |      /     |   __|  |  . `  | |  |     |  |       \_    _/   
.----)   |   |  |____ |  |\  \----.|  |____ |  |\   | |  |     |  |         |  |     
|_______/    |_______|| _| `._____||_______||__| \__| |__|     |__|         |__|    
                                                                                     
 News and tutorials at https://serenity-bdd.info                                     
 Documentation at https://serenity-bdd.github.io                                     
 Test Automation Training and Coaching: https://www.serenity-dojo.com                
 Commercial Support: https://www.serenity-dojo.com/serenity-bdd-enterprise-support   
 Join the Serenity Community on Gitter: https://gitter.im/serenity-bdd/serenity-core 
-------------------------------------------------------------------------------------

2025-12-04 00:14:52 INFO   - Test Suite Started: Login
2025-12-04 00:14:52 INFO   - Test Suite Started: Login
2025-12-04 00:14:52 INFO   - 
  _____   ___   ___   _____     ___   _____     _     ___   _____   ___   ___  
 |_   _| | __| / __| |_   _|   / __| |_   _|   /_\   | _ \ |_   _| | __| |   \ 
   | |   | _|  \__ \   | |     \__ \   | |    / _ \  |   /   | |   | _|  | |) |
   |_|   |___| |___/   |_|     |___/   |_|   /_/ \_\ |_|_\   |_|   |___| |___/ 

Login - user login success(login;login---user-login-success)
--------------------------------------------------------------------------------
2025-12-04 00:14:52 ERROR com.customized.serenity.configs.YamlLocatorReader - Error reading locator: username from loginPage.yaml
java.lang.RuntimeException: Key NOT found: username in file loginPage.yaml
	at com.customized.serenity.configs.YamlLocatorReader.getLocator(YamlLocatorReader.java:26) ~[test-classes/:?]
	at com.customized.serenity.configs.LocatorResolver.resolve(LocatorResolver.java:18) ~[test-classes/:?]
	at com.customized.serenity.configs.ParameterType.str(ParameterType.java:10) ~[test-classes/:?]
	at jdk.internal.reflect.NativeMethodAccessorImpl.invoke0(Native Method) ~[?:?]
	at jdk.internal.reflect.NativeMethodAccessorImpl.invoke(NativeMethodAccessorImpl.java:77) ~[?:?]
	at jdk.internal.reflect.DelegatingMethodAccessorImpl.invoke(DelegatingMethodAccessorImpl.java:43) ~[?:?]
	at java.lang.reflect.Method.invoke(Method.java:568) ~[?:?]
	at io.cucumber.java.Invoker.doInvoke(Invoker.java:66) ~[cucumber-java-7.21.1.jar:7.21.1]
	at io.cucumber.java.Invoker.invoke(Invoker.java:24) ~[cucumber-java-7.21.1.jar:7.21.1]
	at io.cucumber.java.AbstractGlueDefinition.invokeMethod(AbstractGlueDefinition.java:47) ~[cucumber-java-7.21.1.jar:7.21.1]
	at io.cucumber.java.JavaParameterTypeDefinition.execute(JavaParameterTypeDefinition.java:68) ~[cucumber-java-7.21.1.jar:7.21.1]
	at io.cucumber.cucumberexpressions.ParameterType.transform(ParameterType.java:259) ~[cucumber-expressions-18.0.1.jar:18.0.1]
	at io.cucumber.cucumberexpressions.Argument.getValue(Argument.java:42) ~[cucumber-expressions-18.0.1.jar:18.0.1]
	at io.cucumber.core.stepexpression.ExpressionArgument.getValue(ExpressionArgument.java:17) ~[cucumber-core-7.21.1.jar:7.21.1]
	at io.cucumber.core.runner.PickleStepDefinitionMatch.runStep(PickleStepDefinitionMatch.java:46) ~[cucumber-core-7.21.1.jar:7.21.1]
	at io.cucumber.core.runner.ExecutionMode$1.execute(ExecutionMode.java:10) ~[cucumber-core-7.21.1.jar:7.21.1]
	at io.cucumber.core.runner.TestStep.executeStep(TestStep.java:81) ~[cucumber-core-7.21.1.jar:7.21.1]
	at io.cucumber.core.runner.TestStep.run(TestStep.java:53) ~[cucumber-core-7.21.1.jar:7.21.1]
	at io.cucumber.core.runner.PickleStepTestStep.run(PickleStepTestStep.java:51) ~[cucumber-core-7.21.1.jar:7.21.1]
	at io.cucumber.core.runner.TestCase.run(TestCase.java:84) ~[cucumber-core-7.21.1.jar:7.21.1]
	at io.cucumber.core.runner.Runner.runPickle(Runner.java:75) ~[cucumber-core-7.21.1.jar:7.21.1]
	at io.cucumber.junit.PickleRunners$NoStepDescriptions.lambda$run$0(PickleRunners.java:151) ~[cucumber-junit-7.21.1.jar:?]
	at io.cucumber.core.runtime.CucumberExecutionContext.lambda$runTestCase$5(CucumberExecutionContext.java:136) ~[cucumber-core-7.21.1.jar:7.21.1]
	at io.cucumber.core.runtime.RethrowingThrowableCollector.executeAndThrow(RethrowingThrowableCollector.java:23) [cucumber-core-7.21.1.jar:7.21.1]
	at io.cucumber.core.runtime.CucumberExecutionContext.runTestCase(CucumberExecutionContext.java:136) [cucumber-core-7.21.1.jar:7.21.1]
	at io.cucumber.junit.PickleRunners$NoStepDescriptions.run(PickleRunners.java:148) [cucumber-junit-7.21.1.jar:?]
	at io.cucumber.junit.FeatureRunner.runChild(FeatureRunner.java:144) [cucumber-junit-7.21.1.jar:?]
	at io.cucumber.junit.FeatureRunner.runChild(FeatureRunner.java:28) [cucumber-junit-7.21.1.jar:?]
	at org.junit.runners.ParentRunner$4.run(ParentRunner.java:331) [junit-4.13.2.jar:4.13.2]
	at org.junit.runners.ParentRunner$1.schedule(ParentRunner.java:79) [junit-4.13.2.jar:4.13.2]
	at org.junit.runners.ParentRunner.runChildren(ParentRunner.java:329) [junit-4.13.2.jar:4.13.2]
	at org.junit.runners.ParentRunner.access$100(ParentRunner.java:66) [junit-4.13.2.jar:4.13.2]
	at org.junit.runners.ParentRunner$2.evaluate(ParentRunner.java:293) [junit-4.13.2.jar:4.13.2]
	at org.junit.runners.ParentRunner$3.evaluate(ParentRunner.java:306) [junit-4.13.2.jar:4.13.2]
	at org.junit.runners.ParentRunner.run(ParentRunner.java:413) [junit-4.13.2.jar:4.13.2]
	at io.cucumber.junit.FeatureRunner.run(FeatureRunner.java:137) [cucumber-junit-7.21.1.jar:?]
	at io.cucumber.junit.CucumberSerenityBaseRunner.runChild(CucumberSerenityBaseRunner.java:332) [serenity-cucumber-4.2.16.jar:?]
	at io.cucumber.junit.CucumberSerenityBaseRunner.runChild(CucumberSerenityBaseRunner.java:53) [serenity-cucumber-4.2.16.jar:?]
	at org.junit.runners.ParentRunner$4.run(ParentRunner.java:331) [junit-4.13.2.jar:4.13.2]
	at org.junit.runners.ParentRunner$1.schedule(ParentRunner.java:79) [junit-4.13.2.jar:4.13.2]
	at org.junit.runners.ParentRunner.runChildren(ParentRunner.java:329) [junit-4.13.2.jar:4.13.2]
	at org.junit.runners.ParentRunner.access$100(ParentRunner.java:66) [junit-4.13.2.jar:4.13.2]
	at org.junit.runners.ParentRunner$2.evaluate(ParentRunner.java:293) [junit-4.13.2.jar:4.13.2]
	at io.cucumber.junit.CucumberSerenityBaseRunner$RunCucumber.evaluate(CucumberSerenityBaseRunner.java:363) [serenity-cucumber-4.2.16.jar:?]
	at org.junit.runners.ParentRunner$3.evaluate(ParentRunner.java:306) [junit-4.13.2.jar:4.13.2]
	at org.junit.runners.ParentRunner.run(ParentRunner.java:413) [junit-4.13.2.jar:4.13.2]
	at org.apache.maven.surefire.junit4.JUnit4Provider.execute(JUnit4Provider.java:364) [surefire-junit4-3.0.0-M5.jar:3.0.0-M5]
	at org.apache.maven.surefire.junit4.JUnit4Provider.executeWithRerun(JUnit4Provider.java:272) [surefire-junit4-3.0.0-M5.jar:3.0.0-M5]
	at org.apache.maven.surefire.junit4.JUnit4Provider.executeTestSet(JUnit4Provider.java:237) [surefire-junit4-3.0.0-M5.jar:3.0.0-M5]
	at org.apache.maven.surefire.junit4.JUnit4Provider.invoke(JUnit4Provider.java:158) [surefire-junit4-3.0.0-M5.jar:3.0.0-M5]
	at org.apache.maven.surefire.booter.ForkedBooter.runSuitesInProcess(ForkedBooter.java:428) [surefire-booter-3.0.0-M5.jar:3.0.0-M5]
	at org.apache.maven.surefire.booter.ForkedBooter.execute(ForkedBooter.java:162) [surefire-booter-3.0.0-M5.jar:3.0.0-M5]
	at org.apache.maven.surefire.booter.ForkedBooter.run(ForkedBooter.java:562) [surefire-booter-3.0.0-M5.jar:3.0.0-M5]
	at org.apache.maven.surefire.booter.ForkedBooter.main(ForkedBooter.java:548) [surefire-booter-3.0.0-M5.jar:3.0.0-M5]
2025-12-04 00:14:52 ERROR  - 
  _____   ___   ___   _____     ___   ___   ___    ___    ___ 
 |_   _| | __| / __| |_   _|   | __| | _ \ | _ \  / _ \  | _ \
   | |   | _|  \__ \   | |     | _|  |   / |   / | (_) | |   /
   |_|   |___| |___/   |_|     |___| |_|_\ |_|_\  \___/  |_|_\

Login - user login success
---------------------------------------------------------------
2025-12-04 00:14:52 ERROR  -     Test failed at step: When user enter "tuandv" into @loginPage.username
2025-12-04 00:14:52 ERROR  -     java.lang.RuntimeException: Key NOT found: username in file loginPage.yaml
2025-12-04 00:15:35 INFO   - 

-------------------------------------------------------------------------------------
     _______. _______ .______       _______ .__   __.  __  .___________.____    ____ 
    /       ||   ____||   _  \     |   ____||  \ |  | |  | |           |\   \  /   / 
   |   (----`|  |__   |  |_)  |    |  |__   |   \|  | |  | `---|  |----` \   \/   /  
    \   \    |   __|  |      /     |   __|  |  . `  | |  |     |  |       \_    _/   
.----)   |   |  |____ |  |\  \----.|  |____ |  |\   | |  |     |  |         |  |     
|_______/    |_______|| _| `._____||_______||__| \__| |__|     |__|         |__|    
                                                                                     
 News and tutorials at https://serenity-bdd.info                                     
 Documentation at https://serenity-bdd.github.io                                     
 Test Automation Training and Coaching: https://www.serenity-dojo.com                
 Commercial Support: https://www.serenity-dojo.com/serenity-bdd-enterprise-support   
 Join the Serenity Community on Gitter: https://gitter.im/serenity-bdd/serenity-core 
-------------------------------------------------------------------------------------

2025-12-04 00:15:35 INFO   - Test Suite Started: Login
2025-12-04 00:15:35 INFO   - Test Suite Started: Login
2025-12-04 00:15:35 INFO   - 
  _____   ___   ___   _____     ___   _____     _     ___   _____   ___   ___  
 |_   _| | __| / __| |_   _|   / __| |_   _|   /_\   | _ \ |_   _| | __| |   \ 
   | |   | _|  \__ \   | |     \__ \   | |    / _ \  |   /   | |   | _|  | |) |
   |_|   |___| |___/   |_|     |___/   |_|   /_/ \_\ |_|_\   |_|   |___| |___/ 

Login - user login success(login;login---user-login-success)
--------------------------------------------------------------------------------
2025-12-04 00:15:35 ERROR com.customized.serenity.configs.YamlLocatorReader - Error reading locator: username from loginPage.yaml
java.lang.RuntimeException: Key NOT found: username in file loginPage.yaml
	at com.customized.serenity.configs.YamlLocatorReader.getLocator(YamlLocatorReader.java:26) ~[test-classes/:?]
	at com.customized.serenity.configs.LocatorResolver.resolve(LocatorResolver.java:18) ~[test-classes/:?]
	at com.customized.serenity.configs.ParameterType.str(ParameterType.java:10) ~[test-classes/:?]
	at jdk.internal.reflect.NativeMethodAccessorImpl.invoke0(Native Method) ~[?:?]
	at jdk.internal.reflect.NativeMethodAccessorImpl.invoke(NativeMethodAccessorImpl.java:77) ~[?:?]
	at jdk.internal.reflect.DelegatingMethodAccessorImpl.invoke(DelegatingMethodAccessorImpl.java:43) ~[?:?]
	at java.lang.reflect.Method.invoke(Method.java:568) ~[?:?]
	at io.cucumber.java.Invoker.doInvoke(Invoker.java:66) ~[cucumber-java-7.21.1.jar:7.21.1]
	at io.cucumber.java.Invoker.invoke(Invoker.java:24) ~[cucumber-java-7.21.1.jar:7.21.1]
	at io.cucumber.java.AbstractGlueDefinition.invokeMethod(AbstractGlueDefinition.java:47) ~[cucumber-java-7.21.1.jar:7.21.1]
	at io.cucumber.java.JavaParameterTypeDefinition.execute(JavaParameterTypeDefinition.java:68) ~[cucumber-java-7.21.1.jar:7.21.1]
	at io.cucumber.cucumberexpressions.ParameterType.transform(ParameterType.java:259) ~[cucumber-expressions-18.0.1.jar:18.0.1]
	at io.cucumber.cucumberexpressions.Argument.getValue(Argument.java:42) ~[cucumber-expressions-18.0.1.jar:18.0.1]
	at io.cucumber.core.stepexpression.ExpressionArgument.getValue(ExpressionArgument.java:17) ~[cucumber-core-7.21.1.jar:7.21.1]
	at io.cucumber.core.runner.PickleStepDefinitionMatch.runStep(PickleStepDefinitionMatch.java:46) ~[cucumber-core-7.21.1.jar:7.21.1]
	at io.cucumber.core.runner.ExecutionMode$1.execute(ExecutionMode.java:10) ~[cucumber-core-7.21.1.jar:7.21.1]
	at io.cucumber.core.runner.TestStep.executeStep(TestStep.java:81) ~[cucumber-core-7.21.1.jar:7.21.1]
	at io.cucumber.core.runner.TestStep.run(TestStep.java:53) ~[cucumber-core-7.21.1.jar:7.21.1]
	at io.cucumber.core.runner.PickleStepTestStep.run(PickleStepTestStep.java:51) ~[cucumber-core-7.21.1.jar:7.21.1]
	at io.cucumber.core.runner.TestCase.run(TestCase.java:84) ~[cucumber-core-7.21.1.jar:7.21.1]
	at io.cucumber.core.runner.Runner.runPickle(Runner.java:75) ~[cucumber-core-7.21.1.jar:7.21.1]
	at io.cucumber.junit.PickleRunners$NoStepDescriptions.lambda$run$0(PickleRunners.java:151) ~[cucumber-junit-7.21.1.jar:?]
	at io.cucumber.core.runtime.CucumberExecutionContext.lambda$runTestCase$5(CucumberExecutionContext.java:136) ~[cucumber-core-7.21.1.jar:7.21.1]
	at io.cucumber.core.runtime.RethrowingThrowableCollector.executeAndThrow(RethrowingThrowableCollector.java:23) [cucumber-core-7.21.1.jar:7.21.1]
	at io.cucumber.core.runtime.CucumberExecutionContext.runTestCase(CucumberExecutionContext.java:136) [cucumber-core-7.21.1.jar:7.21.1]
	at io.cucumber.junit.PickleRunners$NoStepDescriptions.run(PickleRunners.java:148) [cucumber-junit-7.21.1.jar:?]
	at io.cucumber.junit.FeatureRunner.runChild(FeatureRunner.java:144) [cucumber-junit-7.21.1.jar:?]
	at io.cucumber.junit.FeatureRunner.runChild(FeatureRunner.java:28) [cucumber-junit-7.21.1.jar:?]
	at org.junit.runners.ParentRunner$4.run(ParentRunner.java:331) [junit-4.13.2.jar:4.13.2]
	at org.junit.runners.ParentRunner$1.schedule(ParentRunner.java:79) [junit-4.13.2.jar:4.13.2]
	at org.junit.runners.ParentRunner.runChildren(ParentRunner.java:329) [junit-4.13.2.jar:4.13.2]
	at org.junit.runners.ParentRunner.access$100(ParentRunner.java:66) [junit-4.13.2.jar:4.13.2]
	at org.junit.runners.ParentRunner$2.evaluate(ParentRunner.java:293) [junit-4.13.2.jar:4.13.2]
	at org.junit.runners.ParentRunner$3.evaluate(ParentRunner.java:306) [junit-4.13.2.jar:4.13.2]
	at org.junit.runners.ParentRunner.run(ParentRunner.java:413) [junit-4.13.2.jar:4.13.2]
	at io.cucumber.junit.FeatureRunner.run(FeatureRunner.java:137) [cucumber-junit-7.21.1.jar:?]
	at io.cucumber.junit.CucumberSerenityBaseRunner.runChild(CucumberSerenityBaseRunner.java:332) [serenity-cucumber-4.2.16.jar:?]
	at io.cucumber.junit.CucumberSerenityBaseRunner.runChild(CucumberSerenityBaseRunner.java:53) [serenity-cucumber-4.2.16.jar:?]
	at org.junit.runners.ParentRunner$4.run(ParentRunner.java:331) [junit-4.13.2.jar:4.13.2]
	at org.junit.runners.ParentRunner$1.schedule(ParentRunner.java:79) [junit-4.13.2.jar:4.13.2]
	at org.junit.runners.ParentRunner.runChildren(ParentRunner.java:329) [junit-4.13.2.jar:4.13.2]
	at org.junit.runners.ParentRunner.access$100(ParentRunner.java:66) [junit-4.13.2.jar:4.13.2]
	at org.junit.runners.ParentRunner$2.evaluate(ParentRunner.java:293) [junit-4.13.2.jar:4.13.2]
	at io.cucumber.junit.CucumberSerenityBaseRunner$RunCucumber.evaluate(CucumberSerenityBaseRunner.java:363) [serenity-cucumber-4.2.16.jar:?]
	at org.junit.runners.ParentRunner$3.evaluate(ParentRunner.java:306) [junit-4.13.2.jar:4.13.2]
	at org.junit.runners.ParentRunner.run(ParentRunner.java:413) [junit-4.13.2.jar:4.13.2]
	at org.apache.maven.surefire.junit4.JUnit4Provider.execute(JUnit4Provider.java:364) [surefire-junit4-3.0.0-M5.jar:3.0.0-M5]
	at org.apache.maven.surefire.junit4.JUnit4Provider.executeWithRerun(JUnit4Provider.java:272) [surefire-junit4-3.0.0-M5.jar:3.0.0-M5]
	at org.apache.maven.surefire.junit4.JUnit4Provider.executeTestSet(JUnit4Provider.java:237) [surefire-junit4-3.0.0-M5.jar:3.0.0-M5]
	at org.apache.maven.surefire.junit4.JUnit4Provider.invoke(JUnit4Provider.java:158) [surefire-junit4-3.0.0-M5.jar:3.0.0-M5]
	at org.apache.maven.surefire.booter.ForkedBooter.runSuitesInProcess(ForkedBooter.java:428) [surefire-booter-3.0.0-M5.jar:3.0.0-M5]
	at org.apache.maven.surefire.booter.ForkedBooter.execute(ForkedBooter.java:162) [surefire-booter-3.0.0-M5.jar:3.0.0-M5]
	at org.apache.maven.surefire.booter.ForkedBooter.run(ForkedBooter.java:562) [surefire-booter-3.0.0-M5.jar:3.0.0-M5]
	at org.apache.maven.surefire.booter.ForkedBooter.main(ForkedBooter.java:548) [surefire-booter-3.0.0-M5.jar:3.0.0-M5]
2025-12-04 00:15:35 ERROR  - 
  _____   ___   ___   _____     ___   ___   ___    ___    ___ 
 |_   _| | __| / __| |_   _|   | __| | _ \ | _ \  / _ \  | _ \
   | |   | _|  \__ \   | |     | _|  |   / |   / | (_) | |   /
   |_|   |___| |___/   |_|     |___| |_|_\ |_|_\  \___/  |_|_\

Login - user login success
---------------------------------------------------------------
2025-12-04 00:15:36 ERROR  -     Test failed at step: When user enter "tuandv" into @loginPage.username
2025-12-04 00:15:36 ERROR  -     java.lang.RuntimeException: Key NOT found: username in file loginPage.yaml
2025-12-04 00:15:36 INFO   - 
  _____   ___   ___   _____     ___   _____     _     ___   _____   ___   ___  
 |_   _| | __| / __| |_   _|   / __| |_   _|   /_\   | _ \ |_   _| | __| |   \ 
   | |   | _|  \__ \   | |     \__ \   | |    / _ \  |   /   | |   | _|  | |) |
   |_|   |___| |___/   |_|     |___/   |_|   /_/ \_\ |_|_\   |_|   |___| |___/ 

Login - user login success 2(login;login---user-login-success-2)
--------------------------------------------------------------------------------
2025-12-04 00:15:36 INFO   - 
  _____   ___   ___   _____     ___   ___   _  _   ___    ___   _  _    ___ 
 |_   _| | __| / __| |_   _|   | _ \ | __| | \| | |   \  |_ _| | \| |  / __|
   | |   | _|  \__ \   | |     |  _/ | _|  | .` | | |) |  | |  | .` | | (_ |
   |_|   |___| |___/   |_|     |_|   |___| |_|\_| |___/  |___| |_|\_|  \___|

Login - user login success 2
-----------------------------------------------------------------------------
2025-12-04 00:16:13 INFO   - 

-------------------------------------------------------------------------------------
     _______. _______ .______       _______ .__   __.  __  .___________.____    ____ 
    /       ||   ____||   _  \     |   ____||  \ |  | |  | |           |\   \  /   / 
   |   (----`|  |__   |  |_)  |    |  |__   |   \|  | |  | `---|  |----` \   \/   /  
    \   \    |   __|  |      /     |   __|  |  . `  | |  |     |  |       \_    _/   
.----)   |   |  |____ |  |\  \----.|  |____ |  |\   | |  |     |  |         |  |     
|_______/    |_______|| _| `._____||_______||__| \__| |__|     |__|         |__|    
                                                                                     
 News and tutorials at https://serenity-bdd.info                                     
 Documentation at https://serenity-bdd.github.io                                     
 Test Automation Training and Coaching: https://www.serenity-dojo.com                
 Commercial Support: https://www.serenity-dojo.com/serenity-bdd-enterprise-support   
 Join the Serenity Community on Gitter: https://gitter.im/serenity-bdd/serenity-core 
-------------------------------------------------------------------------------------

2025-12-04 00:16:13 INFO   - Test Suite Started: Login
2025-12-04 00:16:13 INFO   - Test Suite Started: Login
2025-12-04 00:16:13 INFO   - 
  _____   ___   ___   _____     ___   _____     _     ___   _____   ___   ___  
 |_   _| | __| / __| |_   _|   / __| |_   _|   /_\   | _ \ |_   _| | __| |   \ 
   | |   | _|  \__ \   | |     \__ \   | |    / _ \  |   /   | |   | _|  | |) |
   |_|   |___| |___/   |_|     |___/   |_|   /_/ \_\ |_|_\   |_|   |___| |___/ 

Login - user login success 2(login;login---user-login-success-2)
--------------------------------------------------------------------------------
2025-12-04 00:16:13 INFO   - 
  _____   ___   ___   _____     ___   ___   _  _   ___    ___   _  _    ___ 
 |_   _| | __| / __| |_   _|   | _ \ | __| | \| | |   \  |_ _| | \| |  / __|
   | |   | _|  \__ \   | |     |  _/ | _|  | .` | | |) |  | |  | .` | | (_ |
   |_|   |___| |___/   |_|     |_|   |___| |_|\_| |___/  |___| |_|\_|  \___|

Login - user login success 2
-----------------------------------------------------------------------------
2025-12-04 00:19:33 INFO   - 

-------------------------------------------------------------------------------------
     _______. _______ .______       _______ .__   __.  __  .___________.____    ____ 
    /       ||   ____||   _  \     |   ____||  \ |  | |  | |           |\   \  /   / 
   |   (----`|  |__   |  |_)  |    |  |__   |   \|  | |  | `---|  |----` \   \/   /  
    \   \    |   __|  |      /     |   __|  |  . `  | |  |     |  |       \_    _/   
.----)   |   |  |____ |  |\  \----.|  |____ |  |\   | |  |     |  |         |  |     
|_______/    |_______|| _| `._____||_______||__| \__| |__|     |__|         |__|    
                                                                                     
 News and tutorials at https://serenity-bdd.info                                     
 Documentation at https://serenity-bdd.github.io                                     
 Test Automation Training and Coaching: https://www.serenity-dojo.com                
 Commercial Support: https://www.serenity-dojo.com/serenity-bdd-enterprise-support   
 Join the Serenity Community on Gitter: https://gitter.im/serenity-bdd/serenity-core 
-------------------------------------------------------------------------------------

2025-12-04 00:19:33 INFO   - Test Suite Started: Login
2025-12-04 00:19:33 INFO   - Test Suite Started: Login
2025-12-04 00:19:33 INFO   - 
  _____   ___   ___   _____     ___   _____     _     ___   _____   ___   ___  
 |_   _| | __| / __| |_   _|   / __| |_   _|   /_\   | _ \ |_   _| | __| |   \ 
   | |   | _|  \__ \   | |     \__ \   | |    / _ \  |   /   | |   | _|  | |) |
   |_|   |___| |___/   |_|     |___/   |_|   /_/ \_\ |_|_\   |_|   |___| |___/ 

Login - user login success 2(login;login---user-login-success-2)
--------------------------------------------------------------------------------
2025-12-04 00:19:33 INFO   - 
  _____   ___   ___   _____     ___   ___   _  _   ___    ___   _  _    ___ 
 |_   _| | __| / __| |_   _|   | _ \ | __| | \| | |   \  |_ _| | \| |  / __|
   | |   | _|  \__ \   | |     |  _/ | _|  | .` | | |) |  | |  | .` | | (_ |
   |_|   |___| |___/   |_|     |_|   |___| |_|\_| |___/  |___| |_|\_|  \___|

Login - user login success 2
-----------------------------------------------------------------------------
2025-12-04 00:20:20 INFO   - 

-------------------------------------------------------------------------------------
     _______. _______ .______       _______ .__   __.  __  .___________.____    ____ 
    /       ||   ____||   _  \     |   ____||  \ |  | |  | |           |\   \  /   / 
   |   (----`|  |__   |  |_)  |    |  |__   |   \|  | |  | `---|  |----` \   \/   /  
    \   \    |   __|  |      /     |   __|  |  . `  | |  |     |  |       \_    _/   
.----)   |   |  |____ |  |\  \----.|  |____ |  |\   | |  |     |  |         |  |     
|_______/    |_______|| _| `._____||_______||__| \__| |__|     |__|         |__|    
                                                                                     
 News and tutorials at https://serenity-bdd.info                                     
 Documentation at https://serenity-bdd.github.io                                     
 Test Automation Training and Coaching: https://www.serenity-dojo.com                
 Commercial Support: https://www.serenity-dojo.com/serenity-bdd-enterprise-support   
 Join the Serenity Community on Gitter: https://gitter.im/serenity-bdd/serenity-core 
-------------------------------------------------------------------------------------

2025-12-04 00:20:20 INFO   - Test Suite Started: Login
2025-12-04 00:20:20 INFO   - Test Suite Started: Login
2025-12-04 00:20:20 INFO   - 
  _____   ___   ___   _____     ___   _____     _     ___   _____   ___   ___  
 |_   _| | __| / __| |_   _|   / __| |_   _|   /_\   | _ \ |_   _| | __| |   \ 
   | |   | _|  \__ \   | |     \__ \   | |    / _ \  |   /   | |   | _|  | |) |
   |_|   |___| |___/   |_|     |___/   |_|   /_/ \_\ |_|_\   |_|   |___| |___/ 

Login - user login success 2(login;login---user-login-success-2)
--------------------------------------------------------------------------------
2025-12-04 00:20:21 ERROR com.customized.serenity.configs.YamlLocatorReader - Error loading YAML: oginPage.yaml
java.lang.RuntimeException: YAML file NOT found: oginPage.yaml
	at com.customized.serenity.configs.YamlLocatorReader.loadYaml(YamlLocatorReader.java:57) ~[test-classes/:?]
	at com.customized.serenity.configs.YamlLocatorReader.getLocator(YamlLocatorReader.java:22) ~[test-classes/:?]
	at com.customized.serenity.configs.LocatorResolver.resolve(LocatorResolver.java:18) ~[test-classes/:?]
	at com.customized.serenity.commons.actions.EnterActions.findElementByXpath(EnterActions.java:69) ~[test-classes/:?]
	at com.customized.serenity.commons.actions.EnterActions.enterTheValueInto(EnterActions.java:20) ~[test-classes/:?]
	at com.customized.serenity.commons.StepActions.enterTheValueInto(StepActions.java:25) ~[test-classes/:?]
	at com.customized.serenity.commons.StepActions$ByteBuddy$v1QLQ9gT.enterTheValueInto$accessor$jQlLZewO(Unknown Source) ~[test-classes/:?]
	at jdk.internal.reflect.NativeMethodAccessorImpl.invoke0(Native Method) ~[?:?]
	at jdk.internal.reflect.NativeMethodAccessorImpl.invoke(NativeMethodAccessorImpl.java:77) ~[?:?]
	at jdk.internal.reflect.DelegatingMethodAccessorImpl.invoke(DelegatingMethodAccessorImpl.java:43) ~[?:?]
	at java.lang.reflect.Method.invoke(Method.java:568) ~[?:?]
	at net.thucydides.core.steps.StepInterceptor.invokeMethod(StepInterceptor.java:524) ~[serenity-core-4.2.16.jar:?]
	at net.thucydides.core.steps.StepInterceptor.executeTestStepMethod(StepInterceptor.java:504) ~[serenity-core-4.2.16.jar:?]
	at net.thucydides.core.steps.StepInterceptor.runTestStep(StepInterceptor.java:476) ~[serenity-core-4.2.16.jar:?]
	at net.thucydides.core.steps.StepInterceptor.runOrSkipMethod(StepInterceptor.java:218) ~[serenity-core-4.2.16.jar:?]
	at net.thucydides.core.steps.StepInterceptor.testStepResult(StepInterceptor.java:205) ~[serenity-core-4.2.16.jar:?]
	at net.thucydides.core.steps.StepInterceptor.intercept(StepInterceptor.java:93) ~[serenity-core-4.2.16.jar:?]
	at net.thucydides.core.steps.ProxyConfiguration$InterceptorDispatcher.intercept(ProxyConfiguration.java:51) ~[serenity-core-4.2.16.jar:?]
	at com.customized.serenity.commons.StepActions$ByteBuddy$v1QLQ9gT.enterTheValueInto(Unknown Source) ~[test-classes/:?]
	at com.customized.serenity.bussiness.LoginDefs.userLoginWithAccount(LoginDefs.java:15) ~[test-classes/:?]
	at jdk.internal.reflect.NativeMethodAccessorImpl.invoke0(Native Method) ~[?:?]
	at jdk.internal.reflect.NativeMethodAccessorImpl.invoke(NativeMethodAccessorImpl.java:77) ~[?:?]
	at jdk.internal.reflect.DelegatingMethodAccessorImpl.invoke(DelegatingMethodAccessorImpl.java:43) ~[?:?]
	at java.lang.reflect.Method.invoke(Method.java:568) ~[?:?]
	at io.cucumber.java.Invoker.doInvoke(Invoker.java:66) ~[cucumber-java-7.21.1.jar:7.21.1]
	at io.cucumber.java.Invoker.invoke(Invoker.java:24) ~[cucumber-java-7.21.1.jar:7.21.1]
	at io.cucumber.java.AbstractGlueDefinition.invokeMethod(AbstractGlueDefinition.java:47) ~[cucumber-java-7.21.1.jar:7.21.1]
	at io.cucumber.java.JavaStepDefinition.execute(JavaStepDefinition.java:29) ~[cucumber-java-7.21.1.jar:7.21.1]
	at io.cucumber.core.runner.CoreStepDefinition.execute(CoreStepDefinition.java:66) ~[cucumber-core-7.21.1.jar:7.21.1]
	at io.cucumber.core.runner.PickleStepDefinitionMatch.runStep(PickleStepDefinitionMatch.java:62) ~[cucumber-core-7.21.1.jar:7.21.1]
	at io.cucumber.core.runner.ExecutionMode$1.execute(ExecutionMode.java:10) ~[cucumber-core-7.21.1.jar:7.21.1]
	at io.cucumber.core.runner.TestStep.executeStep(TestStep.java:81) ~[cucumber-core-7.21.1.jar:7.21.1]
	at io.cucumber.core.runner.TestStep.run(TestStep.java:53) ~[cucumber-core-7.21.1.jar:7.21.1]
	at io.cucumber.core.runner.PickleStepTestStep.run(PickleStepTestStep.java:51) ~[cucumber-core-7.21.1.jar:7.21.1]
	at io.cucumber.core.runner.TestCase.run(TestCase.java:84) ~[cucumber-core-7.21.1.jar:7.21.1]
	at io.cucumber.core.runner.Runner.runPickle(Runner.java:75) ~[cucumber-core-7.21.1.jar:7.21.1]
	at io.cucumber.junit.PickleRunners$NoStepDescriptions.lambda$run$0(PickleRunners.java:151) ~[cucumber-junit-7.21.1.jar:?]
	at io.cucumber.core.runtime.CucumberExecutionContext.lambda$runTestCase$5(CucumberExecutionContext.java:136) ~[cucumber-core-7.21.1.jar:7.21.1]
	at io.cucumber.core.runtime.RethrowingThrowableCollector.executeAndThrow(RethrowingThrowableCollector.java:23) [cucumber-core-7.21.1.jar:7.21.1]
	at io.cucumber.core.runtime.CucumberExecutionContext.runTestCase(CucumberExecutionContext.java:136) [cucumber-core-7.21.1.jar:7.21.1]
	at io.cucumber.junit.PickleRunners$NoStepDescriptions.run(PickleRunners.java:148) [cucumber-junit-7.21.1.jar:?]
	at io.cucumber.junit.FeatureRunner.runChild(FeatureRunner.java:144) [cucumber-junit-7.21.1.jar:?]
	at io.cucumber.junit.FeatureRunner.runChild(FeatureRunner.java:28) [cucumber-junit-7.21.1.jar:?]
	at org.junit.runners.ParentRunner$4.run(ParentRunner.java:331) [junit-4.13.2.jar:4.13.2]
	at org.junit.runners.ParentRunner$1.schedule(ParentRunner.java:79) [junit-4.13.2.jar:4.13.2]
	at org.junit.runners.ParentRunner.runChildren(ParentRunner.java:329) [junit-4.13.2.jar:4.13.2]
	at org.junit.runners.ParentRunner.access$100(ParentRunner.java:66) [junit-4.13.2.jar:4.13.2]
	at org.junit.runners.ParentRunner$2.evaluate(ParentRunner.java:293) [junit-4.13.2.jar:4.13.2]
	at org.junit.runners.ParentRunner$3.evaluate(ParentRunner.java:306) [junit-4.13.2.jar:4.13.2]
	at org.junit.runners.ParentRunner.run(ParentRunner.java:413) [junit-4.13.2.jar:4.13.2]
	at io.cucumber.junit.FeatureRunner.run(FeatureRunner.java:137) [cucumber-junit-7.21.1.jar:?]
	at io.cucumber.junit.CucumberSerenityBaseRunner.runChild(CucumberSerenityBaseRunner.java:332) [serenity-cucumber-4.2.16.jar:?]
	at io.cucumber.junit.CucumberSerenityBaseRunner.runChild(CucumberSerenityBaseRunner.java:53) [serenity-cucumber-4.2.16.jar:?]
	at org.junit.runners.ParentRunner$4.run(ParentRunner.java:331) [junit-4.13.2.jar:4.13.2]
	at org.junit.runners.ParentRunner$1.schedule(ParentRunner.java:79) [junit-4.13.2.jar:4.13.2]
	at org.junit.runners.ParentRunner.runChildren(ParentRunner.java:329) [junit-4.13.2.jar:4.13.2]
	at org.junit.runners.ParentRunner.access$100(ParentRunner.java:66) [junit-4.13.2.jar:4.13.2]
	at org.junit.runners.ParentRunner$2.evaluate(ParentRunner.java:293) [junit-4.13.2.jar:4.13.2]
	at io.cucumber.junit.CucumberSerenityBaseRunner$RunCucumber.evaluate(CucumberSerenityBaseRunner.java:363) [serenity-cucumber-4.2.16.jar:?]
	at org.junit.runners.ParentRunner$3.evaluate(ParentRunner.java:306) [junit-4.13.2.jar:4.13.2]
	at org.junit.runners.ParentRunner.run(ParentRunner.java:413) [junit-4.13.2.jar:4.13.2]
	at org.apache.maven.surefire.junit4.JUnit4Provider.execute(JUnit4Provider.java:364) [surefire-junit4-3.0.0-M5.jar:3.0.0-M5]
	at org.apache.maven.surefire.junit4.JUnit4Provider.executeWithRerun(JUnit4Provider.java:272) [surefire-junit4-3.0.0-M5.jar:3.0.0-M5]
	at org.apache.maven.surefire.junit4.JUnit4Provider.executeTestSet(JUnit4Provider.java:237) [surefire-junit4-3.0.0-M5.jar:3.0.0-M5]
	at org.apache.maven.surefire.junit4.JUnit4Provider.invoke(JUnit4Provider.java:158) [surefire-junit4-3.0.0-M5.jar:3.0.0-M5]
	at org.apache.maven.surefire.booter.ForkedBooter.runSuitesInProcess(ForkedBooter.java:428) [surefire-booter-3.0.0-M5.jar:3.0.0-M5]
	at org.apache.maven.surefire.booter.ForkedBooter.execute(ForkedBooter.java:162) [surefire-booter-3.0.0-M5.jar:3.0.0-M5]
	at org.apache.maven.surefire.booter.ForkedBooter.run(ForkedBooter.java:562) [surefire-booter-3.0.0-M5.jar:3.0.0-M5]
	at org.apache.maven.surefire.booter.ForkedBooter.main(ForkedBooter.java:548) [surefire-booter-3.0.0-M5.jar:3.0.0-M5]
2025-12-04 00:20:21 ERROR com.customized.serenity.configs.YamlLocatorReader - Error reading locator: username from oginPage.yaml
java.lang.RuntimeException: java.lang.RuntimeException: YAML file NOT found: oginPage.yaml
	at com.customized.serenity.configs.YamlLocatorReader.loadYaml(YamlLocatorReader.java:69) ~[test-classes/:?]
	at com.customized.serenity.configs.YamlLocatorReader.getLocator(YamlLocatorReader.java:22) ~[test-classes/:?]
	at com.customized.serenity.configs.LocatorResolver.resolve(LocatorResolver.java:18) ~[test-classes/:?]
	at com.customized.serenity.commons.actions.EnterActions.findElementByXpath(EnterActions.java:69) ~[test-classes/:?]
	at com.customized.serenity.commons.actions.EnterActions.enterTheValueInto(EnterActions.java:20) ~[test-classes/:?]
	at com.customized.serenity.commons.StepActions.enterTheValueInto(StepActions.java:25) ~[test-classes/:?]
	at com.customized.serenity.commons.StepActions$ByteBuddy$v1QLQ9gT.enterTheValueInto$accessor$jQlLZewO(Unknown Source) ~[test-classes/:?]
	at jdk.internal.reflect.NativeMethodAccessorImpl.invoke0(Native Method) ~[?:?]
	at jdk.internal.reflect.NativeMethodAccessorImpl.invoke(NativeMethodAccessorImpl.java:77) ~[?:?]
	at jdk.internal.reflect.DelegatingMethodAccessorImpl.invoke(DelegatingMethodAccessorImpl.java:43) ~[?:?]
	at java.lang.reflect.Method.invoke(Method.java:568) ~[?:?]
	at net.thucydides.core.steps.StepInterceptor.invokeMethod(StepInterceptor.java:524) ~[serenity-core-4.2.16.jar:?]
	at net.thucydides.core.steps.StepInterceptor.executeTestStepMethod(StepInterceptor.java:504) ~[serenity-core-4.2.16.jar:?]
	at net.thucydides.core.steps.StepInterceptor.runTestStep(StepInterceptor.java:476) ~[serenity-core-4.2.16.jar:?]
	at net.thucydides.core.steps.StepInterceptor.runOrSkipMethod(StepInterceptor.java:218) ~[serenity-core-4.2.16.jar:?]
	at net.thucydides.core.steps.StepInterceptor.testStepResult(StepInterceptor.java:205) ~[serenity-core-4.2.16.jar:?]
	at net.thucydides.core.steps.StepInterceptor.intercept(StepInterceptor.java:93) ~[serenity-core-4.2.16.jar:?]
	at net.thucydides.core.steps.ProxyConfiguration$InterceptorDispatcher.intercept(ProxyConfiguration.java:51) ~[serenity-core-4.2.16.jar:?]
	at com.customized.serenity.commons.StepActions$ByteBuddy$v1QLQ9gT.enterTheValueInto(Unknown Source) ~[test-classes/:?]
	at com.customized.serenity.bussiness.LoginDefs.userLoginWithAccount(LoginDefs.java:15) ~[test-classes/:?]
	at jdk.internal.reflect.NativeMethodAccessorImpl.invoke0(Native Method) ~[?:?]
	at jdk.internal.reflect.NativeMethodAccessorImpl.invoke(NativeMethodAccessorImpl.java:77) ~[?:?]
	at jdk.internal.reflect.DelegatingMethodAccessorImpl.invoke(DelegatingMethodAccessorImpl.java:43) ~[?:?]
	at java.lang.reflect.Method.invoke(Method.java:568) ~[?:?]
	at io.cucumber.java.Invoker.doInvoke(Invoker.java:66) ~[cucumber-java-7.21.1.jar:7.21.1]
	at io.cucumber.java.Invoker.invoke(Invoker.java:24) ~[cucumber-java-7.21.1.jar:7.21.1]
	at io.cucumber.java.AbstractGlueDefinition.invokeMethod(AbstractGlueDefinition.java:47) ~[cucumber-java-7.21.1.jar:7.21.1]
	at io.cucumber.java.JavaStepDefinition.execute(JavaStepDefinition.java:29) ~[cucumber-java-7.21.1.jar:7.21.1]
	at io.cucumber.core.runner.CoreStepDefinition.execute(CoreStepDefinition.java:66) ~[cucumber-core-7.21.1.jar:7.21.1]
	at io.cucumber.core.runner.PickleStepDefinitionMatch.runStep(PickleStepDefinitionMatch.java:62) ~[cucumber-core-7.21.1.jar:7.21.1]
	at io.cucumber.core.runner.ExecutionMode$1.execute(ExecutionMode.java:10) ~[cucumber-core-7.21.1.jar:7.21.1]
	at io.cucumber.core.runner.TestStep.executeStep(TestStep.java:81) ~[cucumber-core-7.21.1.jar:7.21.1]
	at io.cucumber.core.runner.TestStep.run(TestStep.java:53) ~[cucumber-core-7.21.1.jar:7.21.1]
	at io.cucumber.core.runner.PickleStepTestStep.run(PickleStepTestStep.java:51) ~[cucumber-core-7.21.1.jar:7.21.1]
	at io.cucumber.core.runner.TestCase.run(TestCase.java:84) ~[cucumber-core-7.21.1.jar:7.21.1]
	at io.cucumber.core.runner.Runner.runPickle(Runner.java:75) ~[cucumber-core-7.21.1.jar:7.21.1]
	at io.cucumber.junit.PickleRunners$NoStepDescriptions.lambda$run$0(PickleRunners.java:151) ~[cucumber-junit-7.21.1.jar:?]
	at io.cucumber.core.runtime.CucumberExecutionContext.lambda$runTestCase$5(CucumberExecutionContext.java:136) ~[cucumber-core-7.21.1.jar:7.21.1]
	at io.cucumber.core.runtime.RethrowingThrowableCollector.executeAndThrow(RethrowingThrowableCollector.java:23) [cucumber-core-7.21.1.jar:7.21.1]
	at io.cucumber.core.runtime.CucumberExecutionContext.runTestCase(CucumberExecutionContext.java:136) [cucumber-core-7.21.1.jar:7.21.1]
	at io.cucumber.junit.PickleRunners$NoStepDescriptions.run(PickleRunners.java:148) [cucumber-junit-7.21.1.jar:?]
	at io.cucumber.junit.FeatureRunner.runChild(FeatureRunner.java:144) [cucumber-junit-7.21.1.jar:?]
	at io.cucumber.junit.FeatureRunner.runChild(FeatureRunner.java:28) [cucumber-junit-7.21.1.jar:?]
	at org.junit.runners.ParentRunner$4.run(ParentRunner.java:331) [junit-4.13.2.jar:4.13.2]
	at org.junit.runners.ParentRunner$1.schedule(ParentRunner.java:79) [junit-4.13.2.jar:4.13.2]
	at org.junit.runners.ParentRunner.runChildren(ParentRunner.java:329) [junit-4.13.2.jar:4.13.2]
	at org.junit.runners.ParentRunner.access$100(ParentRunner.java:66) [junit-4.13.2.jar:4.13.2]
	at org.junit.runners.ParentRunner$2.evaluate(ParentRunner.java:293) [junit-4.13.2.jar:4.13.2]
	at org.junit.runners.ParentRunner$3.evaluate(ParentRunner.java:306) [junit-4.13.2.jar:4.13.2]
	at org.junit.runners.ParentRunner.run(ParentRunner.java:413) [junit-4.13.2.jar:4.13.2]
	at io.cucumber.junit.FeatureRunner.run(FeatureRunner.java:137) [cucumber-junit-7.21.1.jar:?]
	at io.cucumber.junit.CucumberSerenityBaseRunner.runChild(CucumberSerenityBaseRunner.java:332) [serenity-cucumber-4.2.16.jar:?]
	at io.cucumber.junit.CucumberSerenityBaseRunner.runChild(CucumberSerenityBaseRunner.java:53) [serenity-cucumber-4.2.16.jar:?]
	at org.junit.runners.ParentRunner$4.run(ParentRunner.java:331) [junit-4.13.2.jar:4.13.2]
	at org.junit.runners.ParentRunner$1.schedule(ParentRunner.java:79) [junit-4.13.2.jar:4.13.2]
	at org.junit.runners.ParentRunner.runChildren(ParentRunner.java:329) [junit-4.13.2.jar:4.13.2]
	at org.junit.runners.ParentRunner.access$100(ParentRunner.java:66) [junit-4.13.2.jar:4.13.2]
	at org.junit.runners.ParentRunner$2.evaluate(ParentRunner.java:293) [junit-4.13.2.jar:4.13.2]
	at io.cucumber.junit.CucumberSerenityBaseRunner$RunCucumber.evaluate(CucumberSerenityBaseRunner.java:363) [serenity-cucumber-4.2.16.jar:?]
	at org.junit.runners.ParentRunner$3.evaluate(ParentRunner.java:306) [junit-4.13.2.jar:4.13.2]
	at org.junit.runners.ParentRunner.run(ParentRunner.java:413) [junit-4.13.2.jar:4.13.2]
	at org.apache.maven.surefire.junit4.JUnit4Provider.execute(JUnit4Provider.java:364) [surefire-junit4-3.0.0-M5.jar:3.0.0-M5]
	at org.apache.maven.surefire.junit4.JUnit4Provider.executeWithRerun(JUnit4Provider.java:272) [surefire-junit4-3.0.0-M5.jar:3.0.0-M5]
	at org.apache.maven.surefire.junit4.JUnit4Provider.executeTestSet(JUnit4Provider.java:237) [surefire-junit4-3.0.0-M5.jar:3.0.0-M5]
	at org.apache.maven.surefire.junit4.JUnit4Provider.invoke(JUnit4Provider.java:158) [surefire-junit4-3.0.0-M5.jar:3.0.0-M5]
	at org.apache.maven.surefire.booter.ForkedBooter.runSuitesInProcess(ForkedBooter.java:428) [surefire-booter-3.0.0-M5.jar:3.0.0-M5]
	at org.apache.maven.surefire.booter.ForkedBooter.execute(ForkedBooter.java:162) [surefire-booter-3.0.0-M5.jar:3.0.0-M5]
	at org.apache.maven.surefire.booter.ForkedBooter.run(ForkedBooter.java:562) [surefire-booter-3.0.0-M5.jar:3.0.0-M5]
	at org.apache.maven.surefire.booter.ForkedBooter.main(ForkedBooter.java:548) [surefire-booter-3.0.0-M5.jar:3.0.0-M5]
Caused by: java.lang.RuntimeException: YAML file NOT found: oginPage.yaml
	at com.customized.serenity.configs.YamlLocatorReader.loadYaml(YamlLocatorReader.java:57) ~[test-classes/:?]
	... 68 more
2025-12-04 00:20:21 ERROR com.customized.serenity.commons.actions.EnterActions - ERROR: 'loginPage.username' - DETAILS: Error resolving locator: loginPage.username
java.lang.RuntimeException: Error resolving locator: loginPage.username
	at com.customized.serenity.configs.LocatorResolver.resolve(LocatorResolver.java:21) ~[test-classes/:?]
	at com.customized.serenity.commons.actions.EnterActions.findElementByXpath(EnterActions.java:69) ~[test-classes/:?]
	at com.customized.serenity.commons.actions.EnterActions.enterTheValueInto(EnterActions.java:20) ~[test-classes/:?]
	at com.customized.serenity.commons.StepActions.enterTheValueInto(StepActions.java:25) ~[test-classes/:?]
	at com.customized.serenity.commons.StepActions$ByteBuddy$v1QLQ9gT.enterTheValueInto$accessor$jQlLZewO(Unknown Source) ~[test-classes/:?]
	at jdk.internal.reflect.NativeMethodAccessorImpl.invoke0(Native Method) ~[?:?]
	at jdk.internal.reflect.NativeMethodAccessorImpl.invoke(NativeMethodAccessorImpl.java:77) ~[?:?]
	at jdk.internal.reflect.DelegatingMethodAccessorImpl.invoke(DelegatingMethodAccessorImpl.java:43) ~[?:?]
	at java.lang.reflect.Method.invoke(Method.java:568) ~[?:?]
	at net.thucydides.core.steps.StepInterceptor.invokeMethod(StepInterceptor.java:524) ~[serenity-core-4.2.16.jar:?]
	at net.thucydides.core.steps.StepInterceptor.executeTestStepMethod(StepInterceptor.java:504) ~[serenity-core-4.2.16.jar:?]
	at net.thucydides.core.steps.StepInterceptor.runTestStep(StepInterceptor.java:476) ~[serenity-core-4.2.16.jar:?]
	at net.thucydides.core.steps.StepInterceptor.runOrSkipMethod(StepInterceptor.java:218) ~[serenity-core-4.2.16.jar:?]
	at net.thucydides.core.steps.StepInterceptor.testStepResult(StepInterceptor.java:205) ~[serenity-core-4.2.16.jar:?]
	at net.thucydides.core.steps.StepInterceptor.intercept(StepInterceptor.java:93) ~[serenity-core-4.2.16.jar:?]
	at net.thucydides.core.steps.ProxyConfiguration$InterceptorDispatcher.intercept(ProxyConfiguration.java:51) ~[serenity-core-4.2.16.jar:?]
	at com.customized.serenity.commons.StepActions$ByteBuddy$v1QLQ9gT.enterTheValueInto(Unknown Source) ~[test-classes/:?]
	at com.customized.serenity.bussiness.LoginDefs.userLoginWithAccount(LoginDefs.java:15) ~[test-classes/:?]
	at jdk.internal.reflect.NativeMethodAccessorImpl.invoke0(Native Method) ~[?:?]
	at jdk.internal.reflect.NativeMethodAccessorImpl.invoke(NativeMethodAccessorImpl.java:77) ~[?:?]
	at jdk.internal.reflect.DelegatingMethodAccessorImpl.invoke(DelegatingMethodAccessorImpl.java:43) ~[?:?]
	at java.lang.reflect.Method.invoke(Method.java:568) ~[?:?]
	at io.cucumber.java.Invoker.doInvoke(Invoker.java:66) ~[cucumber-java-7.21.1.jar:7.21.1]
	at io.cucumber.java.Invoker.invoke(Invoker.java:24) ~[cucumber-java-7.21.1.jar:7.21.1]
	at io.cucumber.java.AbstractGlueDefinition.invokeMethod(AbstractGlueDefinition.java:47) ~[cucumber-java-7.21.1.jar:7.21.1]
	at io.cucumber.java.JavaStepDefinition.execute(JavaStepDefinition.java:29) ~[cucumber-java-7.21.1.jar:7.21.1]
	at io.cucumber.core.runner.CoreStepDefinition.execute(CoreStepDefinition.java:66) ~[cucumber-core-7.21.1.jar:7.21.1]
	at io.cucumber.core.runner.PickleStepDefinitionMatch.runStep(PickleStepDefinitionMatch.java:62) ~[cucumber-core-7.21.1.jar:7.21.1]
	at io.cucumber.core.runner.ExecutionMode$1.execute(ExecutionMode.java:10) ~[cucumber-core-7.21.1.jar:7.21.1]
	at io.cucumber.core.runner.TestStep.executeStep(TestStep.java:81) ~[cucumber-core-7.21.1.jar:7.21.1]
	at io.cucumber.core.runner.TestStep.run(TestStep.java:53) ~[cucumber-core-7.21.1.jar:7.21.1]
	at io.cucumber.core.runner.PickleStepTestStep.run(PickleStepTestStep.java:51) ~[cucumber-core-7.21.1.jar:7.21.1]
	at io.cucumber.core.runner.TestCase.run(TestCase.java:84) ~[cucumber-core-7.21.1.jar:7.21.1]
	at io.cucumber.core.runner.Runner.runPickle(Runner.java:75) ~[cucumber-core-7.21.1.jar:7.21.1]
	at io.cucumber.junit.PickleRunners$NoStepDescriptions.lambda$run$0(PickleRunners.java:151) ~[cucumber-junit-7.21.1.jar:?]
	at io.cucumber.core.runtime.CucumberExecutionContext.lambda$runTestCase$5(CucumberExecutionContext.java:136) ~[cucumber-core-7.21.1.jar:7.21.1]
	at io.cucumber.core.runtime.RethrowingThrowableCollector.executeAndThrow(RethrowingThrowableCollector.java:23) [cucumber-core-7.21.1.jar:7.21.1]
	at io.cucumber.core.runtime.CucumberExecutionContext.runTestCase(CucumberExecutionContext.java:136) [cucumber-core-7.21.1.jar:7.21.1]
	at io.cucumber.junit.PickleRunners$NoStepDescriptions.run(PickleRunners.java:148) [cucumber-junit-7.21.1.jar:?]
	at io.cucumber.junit.FeatureRunner.runChild(FeatureRunner.java:144) [cucumber-junit-7.21.1.jar:?]
	at io.cucumber.junit.FeatureRunner.runChild(FeatureRunner.java:28) [cucumber-junit-7.21.1.jar:?]
	at org.junit.runners.ParentRunner$4.run(ParentRunner.java:331) [junit-4.13.2.jar:4.13.2]
	at org.junit.runners.ParentRunner$1.schedule(ParentRunner.java:79) [junit-4.13.2.jar:4.13.2]
	at org.junit.runners.ParentRunner.runChildren(ParentRunner.java:329) [junit-4.13.2.jar:4.13.2]
	at org.junit.runners.ParentRunner.access$100(ParentRunner.java:66) [junit-4.13.2.jar:4.13.2]
	at org.junit.runners.ParentRunner$2.evaluate(ParentRunner.java:293) [junit-4.13.2.jar:4.13.2]
	at org.junit.runners.ParentRunner$3.evaluate(ParentRunner.java:306) [junit-4.13.2.jar:4.13.2]
	at org.junit.runners.ParentRunner.run(ParentRunner.java:413) [junit-4.13.2.jar:4.13.2]
	at io.cucumber.junit.FeatureRunner.run(FeatureRunner.java:137) [cucumber-junit-7.21.1.jar:?]
	at io.cucumber.junit.CucumberSerenityBaseRunner.runChild(CucumberSerenityBaseRunner.java:332) [serenity-cucumber-4.2.16.jar:?]
	at io.cucumber.junit.CucumberSerenityBaseRunner.runChild(CucumberSerenityBaseRunner.java:53) [serenity-cucumber-4.2.16.jar:?]
	at org.junit.runners.ParentRunner$4.run(ParentRunner.java:331) [junit-4.13.2.jar:4.13.2]
	at org.junit.runners.ParentRunner$1.schedule(ParentRunner.java:79) [junit-4.13.2.jar:4.13.2]
	at org.junit.runners.ParentRunner.runChildren(ParentRunner.java:329) [junit-4.13.2.jar:4.13.2]
	at org.junit.runners.ParentRunner.access$100(ParentRunner.java:66) [junit-4.13.2.jar:4.13.2]
	at org.junit.runners.ParentRunner$2.evaluate(ParentRunner.java:293) [junit-4.13.2.jar:4.13.2]
	at io.cucumber.junit.CucumberSerenityBaseRunner$RunCucumber.evaluate(CucumberSerenityBaseRunner.java:363) [serenity-cucumber-4.2.16.jar:?]
	at org.junit.runners.ParentRunner$3.evaluate(ParentRunner.java:306) [junit-4.13.2.jar:4.13.2]
	at org.junit.runners.ParentRunner.run(ParentRunner.java:413) [junit-4.13.2.jar:4.13.2]
	at org.apache.maven.surefire.junit4.JUnit4Provider.execute(JUnit4Provider.java:364) [surefire-junit4-3.0.0-M5.jar:3.0.0-M5]
	at org.apache.maven.surefire.junit4.JUnit4Provider.executeWithRerun(JUnit4Provider.java:272) [surefire-junit4-3.0.0-M5.jar:3.0.0-M5]
	at org.apache.maven.surefire.junit4.JUnit4Provider.executeTestSet(JUnit4Provider.java:237) [surefire-junit4-3.0.0-M5.jar:3.0.0-M5]
	at org.apache.maven.surefire.junit4.JUnit4Provider.invoke(JUnit4Provider.java:158) [surefire-junit4-3.0.0-M5.jar:3.0.0-M5]
	at org.apache.maven.surefire.booter.ForkedBooter.runSuitesInProcess(ForkedBooter.java:428) [surefire-booter-3.0.0-M5.jar:3.0.0-M5]
	at org.apache.maven.surefire.booter.ForkedBooter.execute(ForkedBooter.java:162) [surefire-booter-3.0.0-M5.jar:3.0.0-M5]
	at org.apache.maven.surefire.booter.ForkedBooter.run(ForkedBooter.java:562) [surefire-booter-3.0.0-M5.jar:3.0.0-M5]
	at org.apache.maven.surefire.booter.ForkedBooter.main(ForkedBooter.java:548) [surefire-booter-3.0.0-M5.jar:3.0.0-M5]
Caused by: java.lang.RuntimeException: java.lang.RuntimeException: java.lang.RuntimeException: YAML file NOT found: oginPage.yaml
	at com.customized.serenity.configs.YamlLocatorReader.getLocator(YamlLocatorReader.java:43) ~[test-classes/:?]
	at com.customized.serenity.configs.LocatorResolver.resolve(LocatorResolver.java:18) ~[test-classes/:?]
	... 66 more
Caused by: java.lang.RuntimeException: java.lang.RuntimeException: YAML file NOT found: oginPage.yaml
	at com.customized.serenity.configs.YamlLocatorReader.loadYaml(YamlLocatorReader.java:69) ~[test-classes/:?]
	at com.customized.serenity.configs.YamlLocatorReader.getLocator(YamlLocatorReader.java:22) ~[test-classes/:?]
	at com.customized.serenity.configs.LocatorResolver.resolve(LocatorResolver.java:18) ~[test-classes/:?]
	... 66 more
Caused by: java.lang.RuntimeException: YAML file NOT found: oginPage.yaml
	at com.customized.serenity.configs.YamlLocatorReader.loadYaml(YamlLocatorReader.java:57) ~[test-classes/:?]
	at com.customized.serenity.configs.YamlLocatorReader.getLocator(YamlLocatorReader.java:22) ~[test-classes/:?]
	at com.customized.serenity.configs.LocatorResolver.resolve(LocatorResolver.java:18) ~[test-classes/:?]
	... 66 more
2025-12-04 00:20:21 ERROR  - 
  _____   ___   ___   _____     ___   ___   ___    ___    ___ 
 |_   _| | __| / __| |_   _|   | __| | _ \ | _ \  / _ \  | _ \
   | |   | _|  \__ \   | |     | _|  |   / |   / | (_) | |   /
   |_|   |___| |___/   |_|     |___| |_|_\ |_|_\  \___/  |_|_\

Login - user login success 2
---------------------------------------------------------------
2025-12-04 00:20:21 ERROR  -     Test failed at step: enter the value "tuandv28" into loginPage.username
2025-12-04 00:20:21 ERROR  -     Error resolving locator: loginPage.username
